code,secode,name
600004,2010000005,白云机场
600027,2010000023,华电国际
600030,2010000026,中信证券
600031,2010000027,三一重工
600037,2010000031,歌华有线
600039,2010000033,四川路桥
600062,2010000047,华润双鹤
600065,2010000050,*ST联谊
600067,2010000052,冠城大通
600114,2010000099,东睦股份
600150,2010000129,中国船舶
600159,2010000137,大龙地产
600167,2010000144,联美控股
600168,2010000145,武汉控股
600177,2010000153,雅戈尔
600183,2010000159,生益科技
600189,2010000165,吉林森工
600190,2010000166,锦州港
600195,2010000170,中牧股份
600198,2010000173,大唐电信
600208,2010000182,新湖中宝
600210,2010000184,紫江企业
600212,2010000186,*ST江泉
600228,2010000200,昌九生化
600235,2010000207,民丰特纸
600240,2010000212,华业资本
600253,2010000223,天方药业
600262,2010000231,北方股份
600268,2010000236,国电南自
600269,2010000237,赣粤高速
600278,2010000245,东方创业
600284,2010000251,浦东建设
600288,2010000255,大恒科技
600303,2010000269,曙光股份
600311,2010000276,荣华实业
600333,2010000296,长春燃气
600336,2010000298,澳柯玛
600354,2010000312,敦煌种业
600357,2010000315,承德钒钛
600366,2010000323,宁波韵升
600376,2010000332,首开股份
600380,2010000336,健康元
600386,2010000341,北巴传媒
600398,2010000352,海澜之家
600415,2010000362,小商品城
600421,2010000367,仰帆控股
600423,2010000369,柳化股份
600435,2010000376,北方导航
600449,2010000383,宁夏建材
600475,2010000399,华光股份
600487,2010000410,亨通光电
600502,2010000423,安徽水利
600507,2010000427,方大特钢
600529,2010000447,山东药玻
600530,2010000448,交大昂立
600537,2010000454,亿晶光电
600548,2010000462,深高速
600555,2010000468,海航创新
600561,2010000474,江西长运
600563,2010000476,法拉电子
600566,2010000478,济川药业
600569,2010000481,安阳钢铁
600609,2010000520,金杯汽车
600637,2010000548,东方明珠
600647,2010000558,同达创业
600654,2010000565,中安消
600659,2010000570,*ST花雕
600667,2010000578,太极实业
600672,2010000583,*ST华圣
600677,2010000588,航天通信
600690,2010000601,青岛海尔
600694,2010000605,大商股份
600701,2010000612,*ST工新
600713,2010000624,南京医药
600714,2010000625,金瑞矿业
600720,2010000631,祁连山
600735,2010000646,新华锦
600753,2010000664,东方银星
600760,2010000671,*ST黑豹
600763,2010000674,通策医疗
600806,2010000717,*ST昆机
600811,2010000722,东方集团
600826,2010000737,兰生股份
600833,2010000744,第一医药
600836,2010000747,界龙实业
600840,2010000751,新湖创业
600869,2010000780,智慧能源
600870,2010000781,厦华电子
600881,2010000792,亚泰集团
600890,2010000801,中房股份
600895,2010000806,张江高科
600898,2010000809,三联商社
600962,2010000814,国投中鲁
600963,2010000815,岳阳林纸
600980,2010000827,北矿科技
600990,2010000836,四创电子
601007,2010000847,金陵饭店
601166,2010000853,兴业银行
601398,2010000861,工商银行
601601,2010000864,中国太保
601866,2010000870,中海集运
3,2010000939,PT金田A
40,2010000976,东旭蓝天
62,2010000991,深圳华强
150,2010001005,宜华健康
338,2010001014,潍柴动力
410,2010001025,沈阳机床
413,2010001028,东旭光电
418,2010001032,小天鹅A
420,2010001034,吉林化纤
423,2010001037,东阿阿胶
426,2010001039,兴业矿业
430,2010001042,张家界
488,2010001043,晨鸣纸业
510,2010001054,金路集团
515,2010001058,攀渝钛业
531,2010001074,穗恒运A
537,2010001080,广宇发展
539,2010001082,粤电力A
552,2010001095,靖远煤电
578,2010001118,盐湖集团
591,2010001129,太阳能
592,2010001130,平潭发展
594,2010001132,国恒退
598,2010001136,兴蓉环境
603,2010001141,盛达矿业
613,2010001150,大东海A
619,2010001155,海螺型材
621,2010001157,*ST比特
629,2010001164,*ST钒钛
639,2010001173,西王食品
665,2010001187,湖北广电
670,2010001192,*ST盈方
672,2010001194,上峰水泥
682,2010001203,东方电子
692,2010001212,惠天热电
703,2010001221,恒逸石化
727,2010001241,华东科技
737,2010001250,南风化工
750,2010001254,国海证券
762,2010001265,西藏矿业
765,2010001267,*ST华信
766,2010001268,通化金马
782,2010001277,美达股份
809,2010001300,铁岭新城
813,2010001304,德展健康
821,2010001311,京山轻机
830,2010001319,鲁西化工
837,2010001325,秦川机床
838,2010001326,财信发展
839,2010001327,中信国安
869,2010001341,张裕A
899,2010001361,赣能股份
903,2010001365,云内动力
909,2010001369,数源科技
922,2010001381,佳电股份
925,2010001383,众合科技
927,2010001385,一汽夏利
930,2010001388,中粮生化
962,2010001410,*ST东钽
977,2010001423,浪潮信息
981,2010001427,银亿股份
2011,2010001454,盾安环境
2015,2010001458,霞客环保
2017,2010001460,东信和平
2020,2010001463,京新药业
2036,2010001479,联创电子
2039,2010001482,黔源电力
2043,2010001486,兔宝宝
2057,2010001500,中钢天源
2063,2010001506,远光软件
2064,2010001507,华峰氨纶
2069,2010001512,*ST獐岛
2070,2010001513,众和股份
2077,2010001520,大港股份
2078,2010001521,太阳纸业
2083,2010001526,孚日股份
2089,2010001532,新海宜
2100,2010001543,天康生物
2104,2010001547,恒宝股份
2115,2010001558,三维通信
2120,2010001563,新海股份
2125,2010001568,湘潭电化
2127,2010001570,南极电商
2131,2010001574,利欧股份
2139,2010001582,拓邦股份
2155,2010001598,湖南黄金
2167,2010001610,东方锆业
2175,2010001618,东方网络
2191,2010001634,劲嘉股份
2203,2010001646,海亮股份
2212,2010001655,南洋股份
2243,2010001686,通产丽星
2246,2010001689,北化股份
2254,2010001697,泰和新材
2262,2010001705,恩华药业
600001,2010000002,邯郸钢铁
600011,2010000012,华能国际
600017,2010000016,日照港
600048,2010000034,保利地产
600069,2010000054,银鸽投资
600071,2010000056,凤凰光学
600085,2010000070,同仁堂
600090,2010000075,同济堂
600094,2010000079,大名城
600098,2010000083,广州发展
600105,2010000090,永鼎股份
600106,2010000091,重庆路桥
600122,2010000107,宏图高科
600130,2010000114,波导股份
600141,2010000123,兴发集团
600143,2010000124,金发科技
600148,2010000127,长春一东
600161,2010000139,天坛生物
600169,2010000146,太原重工
600178,2010000154,东安动力
600179,2010000155,*ST黑化
600180,2010000156,瑞茂通
600182,2010000158,S佳通
600192,2010000168,长城电工
600200,2010000175,江苏吴中
600203,2010000178,福日电子
600222,2010000195,太龙药业
600238,2010000210,海南椰岛
600242,2010000214,中昌海运
600252,2010000222,中恒集团
600255,2010000224,鑫科材料
600260,2010000229,凯乐科技
600281,2010000248,太化股份
600289,2010000256,亿阳信通
600296,2010000262,S兰铝
600309,2010000274,万华化学
600323,2010000287,瀚蓝环境
600335,2010000297,国机汽车
600337,2010000299,美克家居
600340,2010000302,华夏幸福
600356,2010000314,恒丰纸业
600365,2010000322,通葡股份
600367,2010000324,红星发展
600370,2010000327,三房巷
600375,2010000331,*ST星马
600379,2010000335,宝光股份
600392,2010000347,盛和资源
600401,2010000355,海润光伏
600405,2010000357,动力源
600408,2010000359,安泰集团
600422,2010000368,昆药集团
600425,2010000370,青松建化
600428,2010000372,中远航运
600436,2010000377,片仔癀
600456,2010000386,宝钛股份
600458,2010000387,时代新材
600470,2010000397,六国化工
600512,2010000432,腾达建设
600517,2010000436,置信电气
600526,2010000444,菲达环保
600528,2010000446,中铁二局
600536,2010000453,中国软件
600545,2010000459,新疆城建
600556,2010000469,ST慧球
600002,2010000003,齐鲁石化
600008,2010000009,首创股份
600010,2010000011,包钢股份
600012,2010000013,皖通高速
600029,2010000025,南方航空
600036,2010000030,招商银行
600050,2010000035,中国联通
600080,2010000065,金花股份
600108,2010000093,亚盛集团
600112,2010000097,天成控股
600123,2010000108,兰花科创
600127,2010000111,金健米业
600133,2010000117,东湖高新
600162,2010000140,香江控股
600170,2010000147,上海建工
600181,2010000157,S*ST云大
600201,2010000176,生物股份
600209,2010000183,罗顿发展
600218,2010000191,全柴动力
600219,2010000192,南山铝业
600234,2010000206,*ST山水
600239,2010000211,云南城投
600558,2010000471,大西洋
600567,2010000479,山鹰纸业
600570,2010000482,恒生电子
600579,2010000490,天华院
600585,2010000496,海螺水泥
600587,2010000498,新华医疗
600588,2010000499,用友网络
600604,2010000515,市北高新
600606,2010000517,绿地控股
600614,2010000525,鼎立股份
600621,2010000532,华鑫股份
600628,2010000539,新世界
600629,2010000540,华建集团
600630,2010000541,龙头股份
600631,2010000542,百联股份
600632,2010000543,华联商厦
600640,2010000551,号百控股
600643,2010000554,爱建集团
600645,2010000556,中源协和
600653,2010000564,申华控股
600685,2010000596,中船防务
600710,2010000621,*ST常林
600712,2010000623,南宁百货
600723,2010000634,首商股份
600740,2010000651,山西焦化
600749,2010000660,西藏旅游
600762,2010000673,S*ST金荔
600771,2010000682,广誉远
600800,2010000711,天津磁卡
600808,2010000719,马钢股份
600816,2010000727,安信信托
600818,2010000729,中路股份
600822,2010000733,上海物贸
600824,2010000735,益民集团
600828,2010000739,茂业商业
600842,2010000753,中西药业
600000,2010000001,浦发银行
600006,2010000007,东风汽车
600016,2010000015,民生银行
600021,2010000020,上海电力
600033,2010000028,福建高速
600051,2010000036,宁波联合
600054,2010000039,黄山旅游
600058,2010000043,五矿发展
600060,2010000045,海信电器
600072,2010000057,钢构工程
600073,2010000058,上海梅林
600084,2010000069,中葡股份
600097,2010000082,开创国际
600111,2010000096,北方稀土
600120,2010000105,浙江东方
600136,2010000119,当代明诚
600138,2010000121,中青旅
600145,2010000125,*ST新亿
600243,2010000215,青海华鼎
600266,2010000234,北京城建
600273,2010000241,嘉化能源
600280,2010000247,中央商场
600282,2010000249,南钢股份
600298,2010000264,安琪酵母
600305,2010000270,恒顺醋业
600310,2010000275,桂东电力
600312,2010000277,平高电气
600325,2010000288,华发股份
600332,2010000295,白云山
600348,2010000306,阳泉煤业
600353,2010000311,旭光股份
600369,2010000326,西南证券
600382,2010000338,广东明珠
600387,2010000342,海越股份
600389,2010000344,江山股份
600426,2010000371,华鲁恒升
600439,2010000379,瑞贝卡
600448,2010000382,华纺股份
600462,2010000391,九有股份
600488,2010000411,天药股份
600491,2010000414,龙元建设
600498,2010000419,烽火通信
600520,2010000439,*ST中发
600538,2010000455,国发股份
600559,2010000472,老白干酒
600565,2010000477,迪马股份
600575,2010000486,皖江物流
600582,2010000493,天地科技
600592,2010000503,龙溪股份
600603,2010000514,*ST兴业
600607,2010000518,上实医药
600615,2010000526,丰华股份
600618,2010000529,氯碱化工
600622,2010000533,嘉宝集团
600646,2010000557,ST国嘉
600172,2010000149,黄河旋风
600202,2010000177,哈空调
600213,2010000187,亚星客车
600217,2010000190,中再资环
600227,2010000199,赤天化
600230,2010000202,*ST沧大
600249,2010000219,两面针
600271,2010000239,航天信息
600276,2010000243,恒瑞医药
600286,2010000253,S*ST国瓷
600292,2010000259,远达环保
600299,2010000265,安迪苏
600315,2010000279,上海家化
600321,2010000285,国栋建设
600330,2010000293,天通股份
600331,2010000294,宏达股份
600352,2010000310,浙江龙盛
600363,2010000321,联创光电
600395,2010000349,盘江股份
600397,2010000351,安源煤业
600403,2010000356,大有能源
600416,2010000363,湘电股份
600418,2010000364,江淮汽车
600446,2010000381,金证股份
600452,2010000384,涪陵电力
600461,2010000390,洪城水业
600466,2010000393,蓝光发展
600468,2010000395,百利电气
600469,2010000396,风神股份
600478,2010000402,科力远
600489,2010000412,中金黄金
600493,2010000415,凤竹纺织
600499,2010000420,科达洁能
600505,2010000425,西昌电力
600506,2010000426,香梨股份
600508,2010000428,上海能源
600515,2010000434,海航基础
600846,2010000757,同济科技
600853,2010000764,龙建股份
600865,2010000776,百大集团
600873,2010000784,梅花生物
600961,2010000813,株冶集团
600969,2010000819,郴电国际
600984,2010000831,建设机械
601009,2010000849,南京银行
601390,2010000860,中国中铁
601628,2010000865,中国人寿
601666,2010000866,平煤股份
601991,2010000879,大唐发电
1,2010000937,平安银行
10,2010000946,美丽生态
13,2010000949,*ST石化A
21,2010000957,深科技
24,2010000960,招商地产
419,2010001033,通程控股
517,2010001060,荣安地产
532,2010001075,力合股份
533,2010001076,万家乐
547,2010001090,航天发展
553,2010001096,沙隆达A
560,2010001103,昆百大A
563,2010001106,陕国投A
564,2010001107,西安民生
600651,2010000562,飞乐音响
600656,2010000567,退市博元
600666,2010000577,奥瑞德
600668,2010000579,尖峰集团
600683,2010000594,京投发展
600691,2010000602,阳煤化工
600692,2010000603,亚通股份
600697,2010000608,欧亚集团
600708,2010000619,光明地产
600716,2010000627,凤凰股份
600717,2010000628,天津港
600719,2010000630,大连热电
600721,2010000632,*ST百花
600724,2010000635,宁波富达
600731,2010000642,湖南海利
600736,2010000647,苏州高新
600750,2010000661,江中药业
600773,2010000684,西藏城投
600794,2010000705,保税科技
600798,2010000709,宁波海运
600803,2010000714,新奥股份
600809,2010000720,山西汾酒
600814,2010000725,杭州解百
600815,2010000726,厦工股份
600825,2010000736,新华传媒
600838,2010000749,上海九百
600839,2010000750,四川长虹
600847,2010000758,万里股份
600857,2010000768,宁波中百
600871,2010000782,石化油服
600877,2010000788,中国嘉陵
600883,2010000794,博闻科技
600884,2010000795,杉杉股份
600888,2010000799,新疆众和
600899,2010000810,*ST信联
600982,2010000829,宁波热电
600987,2010000834,航民股份
600015,2010000014,华夏银行
600053,2010000038,九鼎投资
600056,2010000041,中国医药
600057,2010000042,象屿股份
600063,2010000048,皖维高新
600066,2010000051,宇通客车
600077,2010000062,宋都股份
600083,2010000068,博信股份
600099,2010000084,林海股份
600103,2010000088,青山纸业
600110,2010000095,诺德股份
600113,2010000098,浙江东日
600116,2010000101,三峡水利
600117,2010000102,西宁特钢
600121,2010000106,郑州煤电
600129,2010000113,太极集团
600155,2010000133,宝硕股份
600157,2010000135,永泰能源
600176,2010000152,中国巨石
600185,2010000161,格力地产
600187,2010000163,国中水务
600199,2010000174,金种子酒
600205,2010000179,S山东铝
600519,2010000438,贵州茅台
600535,2010000452,天士力
600546,2010000460,*ST山煤
600549,2010000463,厦门钨业
600551,2010000465,时代出版
600562,2010000475,国睿科技
600568,2010000480,中珠医疗
600572,2010000484,康恩贝
600577,2010000488,精达股份
600580,2010000491,卧龙电气
600589,2010000500,广东榕泰
600610,2010000521,中毅达
600612,2010000523,老凤祥
600626,2010000537,申达股份
600644,2010000555,乐山电力
600652,2010000563,游久游戏
600658,2010000569,电子城
600664,2010000575,哈药股份
600679,2010000590,上海凤凰
600699,2010000610,均胜电子
600702,2010000613,沱牌舍得
600711,2010000622,盛屯矿业
600722,2010000633,金牛化工
600725,2010000636,*ST云维
600737,2010000648,中粮屯河
600738,2010000649,兰州民百
600746,2010000657,江苏索普
600748,2010000659,上实发展
600752,2010000663,*ST哈慈
600765,2010000676,中航重机
600769,2010000680,祥龙电业
600774,2010000685,汉商集团
600779,2010000690,水井坊
600791,2010000702,京能置业
600792,2010000703,云煤能源
600799,2010000710,*ST龙科
600802,2010000713,福建水泥
566,2010001109,海南海药
573,2010001116,粤宏远A
585,2010001123,东北电气
586,2010001124,汇源通信
593,2010001131,大通燃气
596,2010001134,古井贡酒
597,2010001135,东北制药
602,2010001140,金马集团
606,2010001143,*ST易桥
607,2010001144,华媒控股
608,2010001145,阳光股份
627,2010001162,天茂集团
633,2010001168,*ST合金
635,2010001169,英力特
637,2010001171,茂化实华
652,2010001176,泰达股份
658,2010001181,ST海洋
666,2010001188,经纬纺机
676,2010001197,智度股份
689,2010001209,ST宏业
691,2010001211,ST亚太
695,2010001214,滨海能源
698,2010001216,沈阳化工
699,2010001217,S*ST佳纸
700,2010001218,模塑科技
708,2010001224,大冶特钢
717,2010001232,*ST韶钢
718,2010001233,苏宁环球
728,2010001242,国元证券
738,2010001251,中航动控
769,2010001271,*ST大菲
776,2010001272,广发证券
788,2010001282,北大医药
800,2010001293,一汽轿车
801,2010001294,四川九洲
805,2010001297,*ST炎黄
817,2010001307,辽河油田
601008,2010000848,连云港
601318,2010000857,中国平安
601333,2010000859,广深铁路
15,2010000951,PT中浩A
19,2010000955,深深宝A
26,2010000962,飞亚达A
31,2010000967,中粮地产
43,2010000978,中航地产
45,2010000979,深纺织A
46,2010000980,泛海控股
47,2010000981,ST中侨
49,2010000983,德赛电池
61,2010000990,农产品
157,2010001010,中联重科
159,2010001012,国际实业
400,2010001015,许继电气
402,2010001017,金融街
404,2010001019,华意压缩
405,2010001020,ST鑫光
406,2010001021,石油大明
407,2010001022,胜利股份
417,2010001031,合肥百货
498,2010001044,山东路桥
507,2010001051,珠海港
514,2010001057,渝开发
522,2010001065,白云山A
523,2010001066,广州浪奇
527,2010001070,美的电器
538,2010001081,云南白药
545,2010001088,金浦钛业
549,2010001092,S湘火炬
556,2010001099,PT南洋
819,2010001309,岳阳兴长
825,2010001314,太钢不锈
866,2010001339,扬子石化
883,2010001349,湖北能源
893,2010001357,东凌国际
906,2010001367,物产中拓
918,2010001377,嘉凯城
953,2010001402,河池化工
970,2010001417,中科三环
989,2010001433,九芝堂
990,2010001434,诚志股份
997,2010001439,新大陆
998,2010001440,隆平高科
2006,2010001449,精功科技
2009,2010001452,天奇股份
2016,2010001459,世荣兆业
2023,2010001466,海特高新
2025,2010001468,航天电器
2028,2010001471,思源电气
2037,2010001480,久联发展
2047,2010001490,宝鹰股份
2052,2010001495,同洲电子
2071,2010001514,长城影视
2072,2010001515,凯瑞德
2073,2010001516,软控股份
2074,2010001517,国轩高科
2075,2010001518,沙钢股份
2076,2010001519,雪莱特
2086,2010001529,东方海洋
2087,2010001530,新野纺织
2091,2010001534,江苏国泰
2095,2010001538,生意宝
2102,2010001545,冠福股份
2103,2010001546,广博股份
2110,2010001553,三钢闽光
2117,2010001560,东港股份
2143,2010001586,印纪传媒
600207,2010000181,安彩高科
600229,2010000201,城市传媒
600231,2010000203,凌钢股份
600241,2010000213,时代万恒
600251,2010000221,冠农股份
600285,2010000252,羚锐制药
600317,2010000281,营口港
600318,2010000282,新力金融
600329,2010000292,中新药业
600338,2010000300,西藏珠峰
600350,2010000308,山东高速
600368,2010000325,五洲交通
600372,2010000329,中航电子
600377,2010000333,宁沪高速
600381,2010000337,ST春天
600385,2010000340,山东金泰
600390,2010000345,*ST金瑞
600393,2010000348,粤泰股份
600410,2010000361,华胜天成
600429,2010000373,三元股份
600433,2010000375,冠豪高新
600444,2010000380,国机通用
600513,2010000433,联环药业
600516,2010000435,方大炭素
600532,2010000450,宏达矿业
600552,2010000466,凯盛科技
600571,2010000483,信雅达
600576,2010000487,万家文化
600578,2010000489,京能电力
600593,2010000504,大连圣亚
600601,2010000512,方正科技
600605,2010000516,汇通能源
600613,2010000524,神奇制药
600619,2010000530,海立股份
600623,2010000534,华谊集团
600627,2010000538,上电股份
565,2010001108,渝三峡A
567,2010001110,海德股份
569,2010001112,长城股份
572,2010001115,海马汽车
587,2010001125,金洲慈航
588,2010001126,PT粤金曼
589,2010001127,黔轮胎A
620,2010001156,新华联
625,2010001160,长安汽车
626,2010001161,远大控股
636,2010001170,风华高科
669,2010001191,金鸿能源
675,2010001196,ST银山
677,2010001198,恒天海龙
705,2010001222,浙江震元
707,2010001223,双环科技
709,2010001225,河钢股份
723,2010001238,美锦能源
757,2010001260,浩物股份
758,2010001261,中色股份
760,2010001263,斯太尔
789,2010001283,万年青
790,2010001284,泰合健康
795,2010001288,英洛华
802,2010001295,北京文化
803,2010001296,金宇车城
807,2010001299,云铝股份
810,2010001301,创维数字
823,2010001313,超声电子
836,2010001324,鑫茂科技
886,2010001351,海南高速
888,2010001353,峨眉山A
915,2010001374,山大华特
919,2010001378,金陵药业
926,2010001384,福星股份
938,2010001395,紫光股份
967,2010001414,盈峰环境
600804,2010000715,鹏博士
600805,2010000716,悦达投资
600817,2010000728,*ST宏盛
600820,2010000731,隧道股份
600827,2010000738,百联股份
600848,2010000759,上海临港
600850,2010000761,华东电脑
600851,2010000762,海欣股份
600854,2010000765,春兰股份
600864,2010000775,哈投股份
600868,2010000779,梅雁吉祥
600896,2010000807,中海海盛
600960,2010000812,渤海活塞
600975,2010000823,新五丰
600991,2010000837,广汽长丰
601088,2010000850,中国神华
601919,2010000875,中国远洋
8,2010000944,神州高铁
11,2010000947,深物业A
12,2010000948,南玻A
16,2010000952,深康佳A
18,2010000954,神州长城
20,2010000956,深华发A
22,2010000958,深赤湾A
25,2010000961,特力A
63,2010000992,中兴通讯
66,2010000994,长城电脑
68,2010000995,华控赛格
70,2010000997,特发信息
600005,2010000006,武钢股份
600007,2010000008,中国国贸
600026,2010000022,中海发展
600055,2010000040,万东医疗
600059,2010000044,古越龙山
600061,2010000046,国投安信
600064,2010000049,南京高科
600082,2010000067,海泰发展
600086,2010000071,东方金钰
600092,2010000077,S*ST精密
600095,2010000080,哈高科
600096,2010000081,云天化
600100,2010000085,同方股份
600104,2010000089,上汽集团
600107,2010000092,美尔雅
600119,2010000104,长江投资
600131,2010000115,岷江水电
600135,2010000118,乐凯胶片
600146,2010000126,商赢环球
600152,2010000131,维科精华
600158,2010000136,中体产业
600166,2010000143,福田汽车
600184,2010000160,光电股份
600191,2010000167,华资实业
600206,2010000180,有研新材
600216,2010000189,浙江医药
600003,2010000004,ST东北高
600020,2010000019,中原高速
600022,2010000021,山东钢铁
600028,2010000024,中国石化
600035,2010000029,楚天高速
600070,2010000055,浙江富润
600078,2010000063,澄星股份
600081,2010000066,东风科技
600091,2010000076,ST明科
600093,2010000078,禾嘉股份
600101,2010000086,明星电力
600109,2010000094,国金证券
600118,2010000103,中国卫星
600128,2010000112,弘业股份
600132,2010000116,重庆啤酒
600137,2010000120,浪莎股份
600149,2010000128,廊坊发展
600151,2010000130,航天机电
600153,2010000132,建发股份
600160,2010000138,巨化股份
600163,2010000141,中闽能源
2150,2010001593,通润装备
2151,2010001594,北斗星通
2152,2010001595,广电运通
2153,2010001596,石基信息
2160,2010001603,常铝股份
2182,2010001625,云海金属
2184,2010001627,海得控制
2189,2010001632,利达光电
2198,2010001641,嘉应制药
2202,2010001645,金风科技
2206,2010001649,海利得
2209,2010001652,达意隆
2224,2010001667,三力士
2233,2010001676,塔牌集团
2252,2010001695,上海莱士
2259,2010001702,升达林业
600633,2010000544,浙报传媒
600634,2010000545,中技控股
600635,2010000546,大众公用
600649,2010000560,城投控股
600657,2010000568,信达地产
600663,2010000574,陆家嘴
600670,2010000581,*ST斯达
600671,2010000582,天目药业
600675,2010000586,*ST中企
600688,2010000599,上海石化
600700,2010000611,*ST数码
600705,2010000616,中航资本
600707,2010000618,彩虹股份
600709,2010000620,ST生态
600715,2010000626,文投控股
600728,2010000639,佳都科技
600742,2010000653,一汽富维
600755,2010000666,厦门国贸
600756,2010000667,浪潮软件
600764,2010000675,中电广通
600776,2010000687,东方通信
600777,2010000688,新潮能源
600780,2010000691,通宝能源
600783,2010000694,鲁信创投
600785,2010000696,新华百货
600795,2010000706,国电电力
600807,2010000718,天业股份
600810,2010000721,神马股份
600819,2010000730,耀皮玻璃
600831,2010000742,广电网络
600832,2010000743,东方明珠
600834,2010000745,申通地铁
600845,2010000756,宝信软件
600852,2010000763,*ST中川
600855,2010000766,航天长峰
600861,2010000772,北京城乡
600875,2010000786,东方电气
151,2010001006,中成股份
301,2010001013,东方市场
408,2010001023,*ST金源
411,2010001026,英特集团
502,2010001046,绿景控股
503,2010001047,海虹控股
505,2010001049,*ST珠江
511,2010001055,*ST烯碳
519,2010001062,江南红箭
520,2010001063,长航凤凰
543,2010001086,皖能电力
546,2010001089,金圆股份
584,2010001122,友利控股
590,2010001128,启迪古汉
595,2010001133,宝塔实业
599,2010001137,青岛双星
600,2010001138,建投能源
617,2010001153,*ST济柴
631,2010001166,顺发恒业
651,2010001175,格力电器
668,2010001190,荣丰控股
678,2010001199,襄阳轴承
680,2010001201,山推股份
681,2010001202,视觉中国
712,2010001228,锦龙股份
719,2010001234,大地传媒
729,2010001243,燕京啤酒
731,2010001245,四川美丰
751,2010001255,锌业股份
752,2010001256,西藏发展
761,2010001264,本钢板材
768,2010001270,中航飞机
780,2010001276,平庄能源
786,2010001280,北新建材
806,2010001298,银河生物
975,2010001421,银泰资源
976,2010001422,春晖股份
988,2010001432,华工科技
996,2010001438,中国中期
2008,2010001451,大族激光
2013,2010001456,中航机电
2050,2010001493,三花股份
2053,2010001496,云南能投
2054,2010001497,德美化工
2058,2010001501,威尔泰
2059,2010001502,云南旅游
2068,2010001511,黑猫股份
2097,2010001540,山河智能
2107,2010001550,沃华医药
2112,2010001555,三变科技
2121,2010001564,科陆电子
2133,2010001576,广宇集团
2134,2010001577,天津普林
2145,2010001588,中核钛白
2148,2010001591,北纬通信
2149,2010001592,西部材料
2159,2010001602,三特索道
2169,2010001612,智光电气
2173,2010001616,*ST创疗
2174,2010001617,游族网络
2200,2010001643,云投生态
2204,2010001647,大连重工
2205,2010001648,国统股份
2211,2010001654,宏达新材
2222,2010001665,福晶科技
2239,2010001682,奥特佳
2240,2010001683,威华股份
2248,2010001691,华东数控
2261,2010001704,拓维信息
2263,2010001706,大东南
600225,2010000197,天津松江
600226,2010000198,升华拜克
600236,2010000208,桂冠电力
600247,2010000217,ST成城
600261,2010000230,阳光照明
600291,2010000258,西水股份
600295,2010000261,鄂尔多斯
600297,2010000263,广汇汽车
600306,2010000271,*ST商城
600307,2010000272,酒钢宏兴
600316,2010000280,洪都航空
600319,2010000283,*ST亚星
600339,2010000301,*ST天利
600345,2010000304,长江通信
600346,2010000305,*ST橡塑
600355,2010000313,精伦电子
600361,2010000319,华联综超
600362,2010000320,江西铜业
600378,2010000334,天科股份
600396,2010000350,金山股份
600432,2010000374,*ST吉恩
600455,2010000385,博通股份
600467,2010000394,好当家
600476,2010000400,湘邮科技
600480,2010000404,凌云股份
600490,2010000413,鹏欣资源
600500,2010000421,中化国际
600503,2010000424,华丽家族
600510,2010000430,黑牡丹
600527,2010000445,江南高纤
600533,2010000451,栖霞建设
600539,2010000456,ST狮头
600550,2010000464,保变电气
600557,2010000470,康缘药业
600560,2010000473,金自天正
600573,2010000485,惠泉啤酒
600584,2010000495,长电科技
600173,2010000150,卧龙地产
600197,2010000172,伊力特
600215,2010000188,长春经开
600232,2010000204,金鹰股份
600233,2010000205,圆通速递
600237,2010000209,铜峰电子
600250,2010000220,南纺股份
600257,2010000226,大湖股份
600267,2010000235,海正药业
600272,2010000240,开开实业
600275,2010000242,武昌鱼
600283,2010000250,钱江水利
600287,2010000254,江苏舜天
600290,2010000257,华仪电气
600301,2010000267,*ST南化
600302,2010000268,标准股份
600308,2010000273,华泰股份
600313,2010000278,农发种业
600322,2010000286,天房发展
600326,2010000289,西藏天路
600328,2010000291,兰太实业
600343,2010000303,航天动力
600358,2010000316,国旅联合
600360,2010000318,华微电子
600371,2010000328,万向德农
600383,2010000339,金地集团
600391,2010000346,成发科技
600399,2010000353,抚顺特钢
600400,2010000354,红豆股份
600409,2010000360,三友化工
600419,2010000365,天润乳业
600420,2010000366,现代制药
600438,2010000378,通威股份
600460,2010000389,士兰微
600463,2010000392,空港股份
600472,2010000398,包头铝业
600483,2010000407,福能股份
600876,2010000787,洛阳玻璃
600885,2010000796,宏发股份
600889,2010000800,南京化纤
600967,2010000818,北方创业
600970,2010000820,中材国际
600985,2010000832,雷鸣科化
600986,2010000833,科达股份
600993,2010000839,马应龙
601002,2010000843,晋亿实业
601003,2010000844,柳钢股份
601099,2010000851,太平洋
601111,2010000852,中国国航
601186,2010000856,中国铁建
601328,2010000858,交通银行
601857,2010000869,中国石油
601872,2010000871,招商轮船
601998,2010000880,中信银行
5,2010000941,世纪星源
9,2010000945,中国宝安
17,2010000953,深中华A
27,2010000963,深圳能源
30,2010000966,富奥股份
36,2010000972,华联控股
59,2010000988,华锦股份
65,2010000993,北方国际
88,2010000999,盐田港
858,2010001333,五粮液
860,2010001335,顺鑫农业
878,2010001345,云南铜业
905,2010001366,厦门港务
910,2010001370,大亚圣象
920,2010001379,南方汇通
928,2010001386,中钢国际
939,2010001396,凯迪生态
963,2010001411,华东医药
969,2010001416,安泰科技
993,2010001436,闽东电力
2004,2010001447,华邦健康
2030,2010001473,达安基因
2041,2010001484,登海种业
2045,2010001488,国光电器
2049,2010001492,紫光国芯
2061,2010001504,*ST江化
2062,2010001505,宏润建设
2065,2010001508,东华软件
2066,2010001509,瑞泰科技
2099,2010001542,海翔药业
2101,2010001544,广东鸿图
2106,2010001549,莱宝高科
2119,2010001562,康强电子
2126,2010001569,银轮股份
2129,2010001572,中环股份
2135,2010001578,东南网架
2161,2010001604,远望谷
2171,2010001614,楚江新材
2181,2010001624,粤传媒
2193,2010001636,山东如意
2194,2010001637,武汉凡谷
2214,2010001657,大立科技
2215,2010001658,诺普信
2216,2010001659,三全食品
2218,2010001661,拓日新能
600590,2010000501,泰豪科技
600595,2010000506,中孚实业
600596,2010000507,新安股份
600624,2010000535,复旦复华
600636,2010000547,三爱富
600641,2010000552,万业企业
600642,2010000553,申能股份
600665,2010000576,天地源
600681,2010000592,百川能源
600682,2010000593,南京新百
600689,2010000600,上海三毛
600693,2010000604,东百集团
600704,2010000615,物产中大
600726,2010000637,华电能源
600733,2010000644,S前锋
600734,2010000645,实达集团
600744,2010000655,华银电力
600745,2010000656,中茵股份
600757,2010000668,长江传媒
600758,2010000669,红阳能源
600759,2010000670,洲际油气
600766,2010000677,园城黄金
600775,2010000686,南京熊猫
600781,2010000692,辅仁药业
600784,2010000695,鲁银投资
600790,2010000701,轻纺城
600862,2010000773,中航高科
600863,2010000774,内蒙华电
600882,2010000793,广泽股份
600886,2010000797,国投电力
600891,2010000802,秋林集团
600995,2010000840,文山电力
601005,2010000845,重庆钢铁
601898,2010000872,中煤能源
96,2010001002,广聚能源
156,2010001009,华数传媒
412,2010001027,ST五环
429,2010001041,粤高速A
506,2010001050,中润资源
518,2010001061,四环生物
528,2010001071,柳工
530,2010001073,大冷股份
535,2010001078,*ST猴王
555,2010001098,神州信息
561,2010001104,烽火电子
562,2010001105,宏源证券
571,2010001114,新大洲A
581,2010001119,威孚高科
601,2010001139,韶能股份
610,2010001147,西安旅游
618,2010001154,吉林化工
628,2010001163,高新发展
653,2010001177,ST九州
656,2010001179,金科股份
657,2010001180,中钨高新
660,2010001183,*ST南华
661,2010001184,长春高新
701,2010001219,厦门信达
716,2010001231,黑芝麻
726,2010001240,鲁泰A
730,2010001244,*ST环保
732,2010001246,泰禾集团
735,2010001248,罗牛山
736,2010001249,中房地产
756,2010001259,新华制药
791,2010001285,甘肃电投
812,2010001303,陕西金叶
835,2010001323,长城动漫
852,2010001331,石化机械
862,2010001337,银星能源
882,2010001348,华联股份
2220,2010001663,天宝股份
2227,2010001670,奥特迅
2238,2010001681,天威视讯
2249,2010001692,大洋电机
2255,2010001698,海陆重工
600497,2010000418,驰宏锌锗
600511,2010000431,国药股份
600518,2010000437,康美药业
600525,2010000443,长园集团
600553,2010000467,太行水泥
600583,2010000494,海油工程
600586,2010000497,金晶科技
600594,2010000505,益佰制药
600597,2010000508,光明乳业
600600,2010000511,青岛啤酒
600602,2010000513,云赛智联
600611,2010000522,大众交通
600616,2010000527,金枫酒业
600638,2010000549,新黄浦
600639,2010000550,浦东金桥
600648,2010000559,外高桥
600655,2010000566,豫园商城
600660,2010000571,福耀玻璃
600669,2010000580,*ST鞍成
600674,2010000585,川投能源
600676,2010000587,交运股份
600678,2010000589,四川金顶
600684,2010000595,珠江实业
600686,2010000597,金龙汽车
600687,2010000598,刚泰控股
600706,2010000617,曲江文旅
600718,2010000629,东软集团
600727,2010000638,鲁北化工
600730,2010000641,中国高科
600732,2010000643,*ST新梅
600739,2010000650,辽宁成大
600743,2010000654,华远地产
600761,2010000672,安徽合力
600782,2010000693,新钢股份
600787,2010000698,中储股份
600796,2010000707,钱江生化
600797,2010000708,浙大网新
898,2010001360,鞍钢股份
902,2010001364,新洋丰
933,2010001391,*ST神火
956,2010001404,中原油气
966,2010001413,长源电力
983,2010001429,西山煤电
2001,2010001444,新和成
2002,2010001445,鸿达兴业
2034,2010001477,美欣达
2035,2010001478,华帝股份
2038,2010001481,双鹭药业
2048,2010001491,宁波华翔
2114,2010001557,罗平锌电
2118,2010001561,紫鑫药业
2124,2010001567,天邦股份
2136,2010001579,安纳达
2140,2010001583,东华科技
2141,2010001584,蓉胜超微
2147,2010001590,新光圆成
2162,2010001605,悦心健康
2163,2010001606,中航三鑫
2186,2010001629,全聚德
2196,2010001639,方正电机
2208,2010001651,合肥城建
2210,2010001653,飞马国际
2219,2010001662,恒康医疗
2223,2010001666,鱼跃医疗
2225,2010001668,濮耐股份
2228,2010001671,合兴包装
2232,2010001675,启明信息
2241,2010001684,歌尔股份
2242,2010001685,九阳股份
2244,2010001687,滨江集团
2253,2010001696,川大智胜
2256,2010001699,彩虹精化
2260,2010001703,德奥通航
2,2010000938,万科A
29,2010000965,深深房A
32,2010000968,深桑达A
38,2010000974,深大通
56,2010000986,皇庭国际
78,2010000998,海王生物
90,2010001001,天健集团
99,2010001003,中信海直
100,2010001004,TCL集团
428,2010001040,华天酒店
516,2010001059,国际医学
521,2010001064,美菱电器
525,2010001068,红太阳
534,2010001077,万泽股份
550,2010001093,江铃汽车
551,2010001094,创元科技
554,2010001097,泰山石油
559,2010001102,万向钱潮
568,2010001111,泸州老窖
570,2010001113,苏常柴A
623,2010001159,吉林敖东
630,2010001165,铜陵有色
650,2010001174,仁和药业
663,2010001186,永安林业
673,2010001195,当代东方
683,2010001204,远兴能源
685,2010001205,中山公用
713,2010001229,丰乐种业
721,2010001236,西安饮食
722,2010001237,湖南发展
753,2010001257,漳州发展
763,2010001266,锦州石化
767,2010001269,漳泽电力
785,2010001279,武汉中商
787,2010001281,*ST创智
793,2010001287,华闻传媒
600812,2010000723,华北制药
600823,2010000734,世茂股份
600829,2010000740,人民同泰
600830,2010000741,香溢融通
600837,2010000748,海通证券
600841,2010000752,上柴股份
600843,2010000754,上工申贝
600856,2010000767,中天能源
600858,2010000769,银座股份
600860,2010000771,京城股份
600867,2010000778,通化东宝
600872,2010000783,中炬高新
600887,2010000798,伊利股份
600894,2010000805,广日股份
600966,2010000817,博汇纸业
600973,2010000822,宝胜股份
600981,2010000828,汇鸿集团
600992,2010000838,贵绳股份
601006,2010000846,大秦铁路
601168,2010000854,西部矿业
601169,2010000855,北京银行
601588,2010000862,北辰实业
601918,2010000874,*ST新集
601939,2010000876,建设银行
601958,2010000877,金钼股份
601988,2010000878,中国银行
601999,2010000881,出版传媒
4,2010000940,国农科技
7,2010000943,全新好
14,2010000950,沙河股份
28,2010000964,国药一致
796,2010001289,凯撒旅游
822,2010001312,山东海化
826,2010001315,启迪桑德
832,2010001321,*ST龙涤
851,2010001330,高鸿股份
856,2010001332,*ST冀装
863,2010001338,三湘印象
875,2010001342,吉电股份
876,2010001343,新希望
880,2010001346,潍柴重机
897,2010001359,津滨发展
901,2010001363,航天科技
912,2010001372,泸天化
916,2010001375,华北高速
917,2010001376,电广传媒
923,2010001382,河北宣工
936,2010001393,华西股份
937,2010001394,冀中能源
951,2010001400,中国重汽
957,2010001405,中通客车
961,2010001409,中南建设
971,2010001418,高升控股
972,2010001419,中基健康
980,2010001426,金马股份
2010,2010001453,传化股份
2012,2010001455,凯恩股份
2021,2010001464,中捷资源
2032,2010001475,苏泊尔
2033,2010001476,丽江旅游
2040,2010001483,南京港
2044,2010001487,美年健康
2046,2010001489,轴研科技
2055,2010001498,得润电子
2067,2010001510,景兴纸业
2080,2010001523,中材科技
2084,2010001527,海鸥卫浴
2085,2010001528,万丰奥威
2088,2010001531,鲁阳节能
2092,2010001535,中泰化学
2093,2010001536,国脉科技
2098,2010001541,浔兴股份
2109,2010001552,*ST兴化
2111,2010001554,威海广泰
2113,2010001556,天润数娱
2130,2010001573,沃尔核材
2132,2010001575,恒星科技
2142,2010001585,宁波银行
2146,2010001589,荣盛发展
2154,2010001597,报喜鸟
2156,2010001599,通富微电
2157,2010001600,正邦科技
2165,2010001608,红宝丽
2172,2010001615,澳洋科技
2179,2010001622,中航光电
2185,2010001628,华天科技
2192,2010001635,融捷股份
2221,2010001664,东华能源
2229,2010001672,鸿博股份
2230,2010001673,科大讯飞
2231,2010001674,奥维通信
2245,2010001688,澳洋顺昌
2251,2010001694,步步高
34,2010000970,神州数码
37,2010000973,*ST南电A
50,2010000984,深天马A
55,2010000985,方大集团
60,2010000989,中金岭南
69,2010000996,华侨城A
89,2010001000,深圳机场
155,2010001008,*ST川化
158,2010001011,常山股份
409,2010001024,山东地矿
421,2010001035,南京公用
425,2010001038,徐工机械
509,2010001053,华塑控股
524,2010001067,岭南控股
540,2010001083,中天城投
541,2010001084,佛山照明
544,2010001087,中原环保
548,2010001091,湖南投资
558,2010001101,莱茵体育
576,2010001117,广东甘化
582,2010001120,北部湾港
583,2010001121,S*ST托普
609,2010001146,绵石投资
612,2010001149,焦作万方
616,2010001152,海航投资
659,2010001182,珠海中富
686,2010001206,东北证券
697,2010001215,炼石有色
710,2010001226,天兴仪表
711,2010001227,京蓝科技
720,2010001235,新能泰山
725,2010001239,京东方A
733,2010001247,振华科技
759,2010001262,中百集团
777,2010001273,中核科技
792,2010001286,盐湖股份
797,2010001290,中国武夷
798,2010001291,中水渔业
799,2010001292,酒鬼酒
811,2010001302,烟台冰轮
820,2010001310,金城股份
827,2010001316,*ST长兴
829,2010001318,天音控股
831,2010001320,*ST五稀
859,2010001334,国风塑业
881,2010001347,大连国际
887,2010001352,中鼎股份
889,2010001354,茂业通信
900,2010001362,现代投资
908,2010001368,景峰医药
911,2010001371,南宁糖业
921,2010001380,海信科龙
931,2010001389,中关村
932,2010001390,华菱钢铁
948,2010001397,南天信息
958,2010001406,东方能源
960,2010001408,锡业股份
965,2010001412,天保基建
978,2010001424,桂林旅游
982,2010001428,中银绒业
987,2010001431,越秀金控
991,2010001435,通海高科
1696,2010001442,宗申动力
2007,2010001450,华兰生物
2024,2010001467,苏宁云商
2026,2010001469,山东威达
2027,2010001470,分众传媒
2029,2010001472,七匹狼
2042,2010001485,华孚色纺
2051,2010001494,中工国际
2056,2010001499,横店东磁
2081,2010001524,金螳螂
2090,2010001533,金智科技
2096,2010001539,南岭民爆
600018,2010004233,上港集箱
2108,2010001551,沧州明珠
2122,2010001565,天马股份
2128,2010001571,露天煤业
2137,2010001580,麦达数字
2138,2010001581,顺络电子
2144,2010001587,宏达高科
2158,2010001601,汉钟精机
2166,2010001609,莱茵生物
2168,2010001611,深圳惠程
2170,2010001613,芭田股份
2176,2010001619,江特电机
2183,2010001626,怡亚通
2188,2010001631,巴士在线
2197,2010001640,证通电子
2201,2010001644,九鼎新材
2207,2010001650,准油股份
2217,2010001660,合力泰
2226,2010001669,江南化工
2247,2010001690,帝龙文化
600009,2010000010,上海机场
600019,2010000018,宝钢股份
600038,2010000032,中直股份
600052,2010000037,浙江广厦
600068,2010000053,葛洲坝
600074,2010000059,保千里
600076,2010000061,康欣新材
600079,2010000064,人福医药
600087,2010000072,退市长油
600088,2010000073,中视传媒
600089,2010000074,特变电工
600102,2010000087,莱钢股份
600115,2010000100,东方航空
600125,2010000109,铁龙物流
600126,2010000110,杭钢股份
600139,2010000122,西部资源
600156,2010000134,华升股份
600165,2010000142,新日恒力
600171,2010000148,上海贝岭
600175,2010000151,美都能源
600186,2010000162,莲花健康
600188,2010000164,兖州煤业
600193,2010000169,创兴资源
600196,2010000171,复星医药
600211,2010000185,西藏药业
600220,2010000193,江苏阳光
600221,2010000194,海南航空
600223,2010000196,鲁商置业
600246,2010000216,万通地产
600248,2010000218,延长化建
600256,2010000225,广汇能源
600258,2010000227,首旅酒店
600259,2010000228,广晟有色
600263,2010000232,路桥建设
600265,2010000233,*ST景谷
600270,2010000238,外运发展
600277,2010000244,亿利洁能
600279,2010000246,重庆港九
600293,2010000260,三峡新材
600300,2010000266,维维股份
600320,2010000284,振华重工
600327,2010000290,大东方
600351,2010000309,亚宝药业
600359,2010000317,新农开发
600373,2010000330,中文传媒
600388,2010000343,龙净环保
600406,2010000358,国电南瑞
600459,2010000388,贵研铂业
600477,2010000401,杭萧钢构
600479,2010000403,千金药业
600481,2010000405,双良节能
600482,2010000406,中国动力
600485,2010000408,信威集团
600486,2010000409,扬农化工
600495,2010000416,晋西车轴
600496,2010000417,精工钢构
600501,2010000422,航天晨光
600509,2010000429,天富能源
600521,2010000440,华海药业
600522,2010000441,中天科技
600523,2010000442,贵航股份
600531,2010000449,豫光金铅
600540,2010000457,新赛股份
600543,2010000458,莫高股份
600547,2010000461,山东黄金
600581,2010000492,*ST八钢
600591,2010000502,*ST上航
600599,2010000510,熊猫金控
600617,2010000528,国新能源
600620,2010000531,天宸股份
600625,2010000536,PT水仙
600650,2010000561,锦江投资
600661,2010000572,新南洋
600662,2010000573,强生控股
600673,2010000584,东阳光科
600680,2010000591,上海普天
600695,2010000606,绿庭投资
600696,2010000607,匹凸匹
600698,2010000609,湖南天雁
600703,2010000614,三安光电
600729,2010000640,重庆百货
600741,2010000652,华域汽车
600747,2010000658,大连控股
600751,2010000662,天海投资
600754,2010000665,锦江股份
600767,2010000678,运盛医疗
600768,2010000679,宁波富邦
600770,2010000681,综艺股份
600772,2010000683,S*ST龙昌
600778,2010000689,友好集团
600786,2010000697,东方锅炉
600788,2010000699,*ST达曼
600789,2010000700,鲁抗医药
600793,2010000704,ST宜纸
600801,2010000712,华新水泥
600813,2010000724,ST鞍一工
600821,2010000732,津劝业
600835,2010000746,上海机电
600844,2010000755,丹化科技
600859,2010000770,王府井
600866,2010000777,*ST星湖
600874,2010000785,创业环保
600878,2010000789,*ST北科
600879,2010000790,航天电子
600880,2010000791,博瑞传播
600893,2010000804,中航动力
600897,2010000808,厦门空港
600900,2010000811,长江电力
600965,2010000816,福成股份
600971,2010000821,恒源煤电
600978,2010000825,宜华生活
600979,2010000826,广安爱众
600988,2010000835,赤峰黄金
600997,2010000841,开滦股份
601001,2010000842,大同煤业
601600,2010000863,中国铝业
601699,2010000867,潞安环能
601808,2010000868,中海油服
601899,2010000873,紫金矿业
6,2010000942,深振业A
23,2010000959,深天地A
33,2010000969,*ST新都
35,2010000971,中国天楹
39,2010000975,中集集团
42,2010000977,中洲控股
48,2010000982,康达尔
58,2010000987,深赛格
153,2010001007,丰原药业
401,2010001016,冀东水泥
403,2010001018,ST生化
415,2010001029,渤海金控
422,2010001036,湖北宜化
501,2010001045,鄂武商A
504,2010001048,*ST生物
508,2010001052,琼民源A
513,2010001056,丽珠集团
526,2010001069,紫光学大
529,2010001072,广弘控股
536,2010001079,华映科技
542,2010001085,TCL通讯
605,2010001142,渤海股份
611,2010001148,*ST天首
622,2010001158,*ST恒立
632,2010001167,三木集团
638,2010001172,万方发展
655,2010001178,金岭矿业
662,2010001185,天夏智慧
667,2010001189,美好置业
671,2010001193,阳光城
679,2010001200,大连友谊
687,2010001207,华讯方舟
688,2010001208,建新矿业
690,2010001210,宝新能源
693,2010001213,ST华泽
702,2010001220,正虹科技
715,2010001230,中兴商业
748,2010001253,长城信息
755,2010001258,山西三维
778,2010001274,新兴铸管
779,2010001275,三毛派神
783,2010001278,长江证券
815,2010001305,美利云
816,2010001306,智慧农业
818,2010001308,方大化工
828,2010001317,东莞控股
833,2010001322,贵糖股份
848,2010001328,承德露露
850,2010001329,华茂股份
861,2010001336,海印股份
868,2010001340,安凯客车
877,2010001344,天山股份
885,2010001350,同力水泥
890,2010001355,法尔胜
892,2010001356,星美联合
895,2010001358,双汇发展
913,2010001373,*ST钱江
929,2010001387,兰州黄河
935,2010001392,四川双马
949,2010001398,新乡化纤
950,2010001399,*ST建峰
952,2010001401,广济药业
955,2010001403,欣龙控股
959,2010001407,首钢股份
973,2010001420,佛塑科技
979,2010001425,中弘股份
985,2010001430,大庆华科
995,2010001437,*ST皇台
1896,2010001443,豫能控股
2003,2010001446,伟星股份
2005,2010001448,德豪润达
2014,2010001457,永新股份
2018,2010001461,华信国际
2019,2010001462,亿帆医药
2022,2010001465,科华生物
2031,2010001474,巨轮智能
2060,2010001503,粤水电
2079,2010001522,苏州固锝
2082,2010001525,栋梁新材
2094,2010001537,青岛金王
2105,2010001548,信隆健康
2116,2010001559,中国海诚
2123,2010001566,梦网荣信
2177,2010001620,御银股份
2178,2010001621,延华智能
2180,2010001623,艾派克
2187,2010001630,广百股份
2190,2010001633,成飞集成
2195,2010001638,二三四五
2199,2010001642,*ST东晶
2213,2010001656,特尔佳
2235,2010001678,安妮股份
2236,2010001679,大华股份
2237,2010001680,恒邦股份
2250,2010001693,联化科技
2258,2010001701,利尔化学
600892,2010000803,大晟文化
739,2010001252,普洛药业
2265,2010001708,西仪股份
2268,2010001711,卫士通
2272,2010001861,川润股份
2703,2010007148,浙江世宝
2269,2010001855,美邦服饰
2270,2010001857,华明装备
2273,2010001862,水晶光电
601727,2010001870,上海电气
300353,2010007096,东土科技
2264,2010001707,新华都
601766,2010001854,中国中车
300356,2010007118,光一科技
2702,2010007129,海欣食品
2266,2010001709,浙富控股
603993,2010007117,洛阳钼业
2257,2010001700,立立电子
300354,2010007095,东华测试
2267,2010001710,陕天然气
2271,2010001859,东方雨虹
2274,2010001864,华昌化工
2700,2010007098,新疆浩源
2701,2010007120,奥瑞金
300355,2010007097,蒙草生态
2275,2010003282,桂林三金
2276,2010003283,万马股份
2277,2010003285,友阿股份
2283,2010003296,天润曲轴
2291,2010003304,星期六
2294,2010003309,信立泰
300007,2010003322,汉威电子
600018,2010000017,上港集团
2279,2010003290,久其软件
2284,2010003297,亚太股份
300009,2010003320,安科生物
300003,2010003325,乐普医疗
300011,2010003329,鼎汉技术
2305,2010003351,南国置业
2310,2010003357,东方园林
2315,2010003363,焦点科技
600349,2010000307,富通昭和
2320,2010003368,海峡股份
2323,2010003370,雅百特
300032,2010003379,金龙机电
300034,2010003381,钢研高纳
300036,2010003383,超图软件
601299,2010003387,中国北车
2329,2010003390,皇氏集团
2336,2010003402,*ST人乐
601668,2010003287,中国建筑
2278,2010003289,神开股份
2287,2010003300,奇正藏药
2289,2010003301,*ST宇顺
2296,2010003312,辉煌科技
2297,2010003313,博云新材
2301,2010003328,齐心集团
300018,2010003336,中元股份
300022,2010003341,吉峰农机
300024,2010003343,机器人
300028,2010003347,金亚科技
2303,2010003349,美盈森
2306,2010003353,中科云网
2325,2010003373,洪涛股份
2330,2010003389,得利斯
2333,2010003397,罗普斯金
2334,2010003400,英威腾
300002,2010003324,神州泰岳
300013,2010003331,新宁物流
300015,2010003333,爱尔眼科
300019,2010003337,硅宝科技
300025,2010003344,华星创业
2304,2010003350,洋河股份
2311,2010003358,海大集团
601989,2010003367,中国重工
2324,2010003371,普利特
2326,2010003374,永太科技
2328,2010003386,新朋股份
300038,2010003392,梅泰诺
2282,2010003295,博深工具
2293,2010003308,罗莱生活
2300,2010003316,太阳电缆
300008,2010003321,天海防务
300006,2010003323,莱美药业
300005,2010003327,探路者
300014,2010003332,亿纬锂能
2317,2010003365,众生药业
2319,2010003366,乐通股份
2322,2010003372,理工环科
300033,2010003380,同花顺
300037,2010003391,新宙邦
300039,2010003393,上海凯宝
2332,2010003398,仙琚制药
300044,2010003477,赛为智能
2352,2010003508,鼎泰新材
601268,2010003510,*ST二重
2354,2010003511,天神娱乐
300059,2010003562,东方财富
2377,2010003568,国创高新
601158,2010003570,重庆水务
300065,2010003573,海兰信
300066,2010003574,三川智慧
2381,2010003581,双箭股份
2405,2010003630,四维图新
2407,2010003632,多氟多
2408,2010003633,齐翔腾达
300084,2010003638,海默科技
300088,2010003650,长信科技
2427,2010003668,尤夫股份
2437,2010003680,誉衡药业
2438,2010003682,江苏神通
300045,2010003478,华力创通
300048,2010003480,合康变频
2339,2010003492,积成电子
2341,2010003494,新纶科技
601179,2010003502,中国西电
2349,2010003504,精华制药
2356,2010003513,赫美集团
300053,2010003532,欧比特
2363,2010003548,隆基机械
2375,2010003566,亚厦股份
300063,2010003571,天龙集团
601188,2010003588,龙江交通
2389,2010003597,南洋科技
300068,2010003601,南都电源
300073,2010003611,当升科技
2401,2010003624,中海科技
300081,2010003635,恒信移动
2412,2010003645,汉森制药
300085,2010003647,银之杰
2414,2010003655,高德红外
2418,2010003658,康盛股份
2423,2010003664,*ST中特
2425,2010003666,凯撒文化
2432,2010003674,九安医疗
300091,2010003688,金通灵
2441,2010003694,众业达
300094,2010003704,国联水产
2444,2010003711,巨星科技
300102,2010003984,乾照光电
300114,2010004013,中航电测
2468,2010004132,艾迪西
2474,2010004140,榕基软件
601177,2010004178,杭齿前进
2486,2010004183,嘉麟杰
300130,2010004197,新国都
300137,2010004248,先河环保
300138,2010004249,晨光生物
300139,2010004262,晓程科技
2501,2010004270,利源精制
2503,2010004272,搜于特
300093,2010003703,金刚玻璃
2452,2010003723,长高集团
300097,2010003963,智云股份
300105,2010003996,龙源技术
300111,2010004010,向日葵
300113,2010004012,顺网科技
2466,2010004017,天齐锂业
2475,2010004141,立讯精密
300123,2010004163,太阳鸟
2483,2010004169,润邦股份
2488,2010004212,金固股份
2490,2010004215,山东墨龙
601098,2010004241,中南传媒
2497,2010004256,雅化集团
2504,2010004287,弘高创意
2508,2010004297,老板电器
2511,2010004310,中顺洁柔
2529,2010004394,海源机械
300159,2010004429,新研股份
300156,2010004431,神雾环保
300162,2010004450,雷曼股份
300160,2010004451,秀强股份
300161,2010004452,华中数控
300163,2010004454,先锋新材
2540,2010004460,亚太科技
601700,2010004462,风范股份
601519,2010004483,大智慧
2530,2010004414,丰东股份
2536,2010004440,西泵股份
300164,2010004453,通源石油
300166,2010004471,东方国信
300040,2010003394,九洲电气
601117,2010003399,中国化学
300049,2010003481,福瑞股份
2344,2010003496,海宁皮城
300057,2010003538,万顺股份
2361,2010003544,神剑股份
2367,2010003553,康力电梯
2370,2010003557,亚太药业
2372,2010003559,伟星新材
2373,2010003560,千方科技
300062,2010003565,中能电气
2379,2010003576,*ST鲁丰
2383,2010003583,合众思壮
2390,2010003598,信邦制药
300067,2010003600,安诺其
300072,2010003610,三聚环保
2395,2010003614,双象股份
2400,2010003623,省广股份
2403,2010003626,爱仕达
300083,2010003637,劲胜精密
300087,2010003649,荃银高科
2422,2010003662,科伦药业
2424,2010003663,贵州百灵
2431,2010003673,棕榈股份
2434,2010003677,万里扬
2440,2010003696,闰土股份
300095,2010003961,华伍股份
300099,2010003970,尤洛卡
300104,2010003986,乐视网
2461,2010003989,珠江啤酒
300106,2010003997,西部牧业
300108,2010004004,双龙股份
300109,2010004005,新开源
2464,2010004015,金利科技
300117,2010004022,嘉寓股份
2467,2010004135,二六三
300119,2010004148,瑞普生物
2479,2010004159,富春环保
2482,2010004168,广田集团
300125,2010004174,易世达
300127,2010004176,银河磁体
300128,2010004177,锦富新材
2487,2010004184,大金重工
300132,2010004220,青松股份
300134,2010004222,大富科技
2500,2010004266,山西证券
2510,2010004309,天汽模
601777,2010004311,力帆股份
300144,2010004344,宋城演艺
601890,2010004393,亚星锚链
300154,2010004405,瑞凌股份
2542,2010004479,中化岩土
2546,2010004494,新联电子
601616,2010004496,广电电气
300178,2010004504,腾邦国际
601992,2010004529,金隅股份
601107,2010003286,四川成渝
2288,2010003302,超华科技
2295,2010003311,精艺股份
2298,2010003314,中电鑫龙
300004,2010003326,南风股份
300016,2010003338,北陆药业
300023,2010003342,宝德股份
2302,2010003348,西部建设
2307,2010003352,北新路桥
2308,2010003354,威创股份
2312,2010003360,三泰控股
300029,2010003384,天龙光电
2331,2010003388,皖通科技
2285,2010003298,世联行
2290,2010003305,禾盛新材
601888,2010003315,中国国旅
2299,2010003317,圣农发展
300012,2010003330,华测检测
300017,2010003335,网宿科技
300020,2010003339,银江股份
300026,2010003345,红日药业
2314,2010003359,南山控股
2313,2010003361,日海通讯
2316,2010003362,键桥通讯
2318,2010003364,久立特材
2321,2010003369,华英农业
601139,2010003375,深圳燃气
300030,2010003378,阳普医疗
300035,2010003382,中科电气
300041,2010003395,回天新材
2345,2010003499,潮宏基
300055,2010003536,万邦达
2378,2010003575,章源钨业
601101,2010003578,昊华能源
2386,2010003593,天原集团
2391,2010003599,长青股份
2393,2010003607,力生制药
2406,2010003631,远东传动
2409,2010003642,雅克科技
300086,2010003648,康芝药业
2439,2010003681,启明星辰
300090,2010003687,盛运环保
2446,2010003708,盛路通信
2449,2010003716,国星光电
2456,2010003968,欧菲光
2459,2010003975,天业通联
601718,2010003987,际华集团
2462,2010003990,嘉事堂
300112,2010004011,万讯自控
300115,2010004023,长盈精密
2473,2010004137,圣莱达
300120,2010004146,经纬电材
601018,2010004165,宁波港
2491,2010004214,通鼎互联
2494,2010004244,华斯股份
300140,2010004263,启源装备
2509,2010004298,天广中茂
601933,2010004357,永辉超市
300146,2010004359,汤臣倍健
2525,2010004372,胜景山河
2526,2010004373,山东矿机
300149,2010004382,量子高科
2527,2010004391,新时达
2533,2010004417,金杯电工
2534,2010004438,杭锅股份
2539,2010004459,云图控股
601137,2010004482,博威合金
300170,2010004485,汉得信息
2548,2010004510,金新农
2549,2010004511,凯美特气
2551,2010004525,尚荣医疗
2558,2010004537,世纪游轮
601011,2010004545,宝泰隆
300191,2010004562,潜能恒信
300199,2010004591,翰宇药业
300198,2010004592,纳川股份
2280,2010003292,联络互动
2281,2010003293,光迅科技
2292,2010003306,奥飞娱乐
300001,2010003319,特锐德
300027,2010003346,华谊兄弟
600999,2010003376,招商证券
300042,2010003396,朗科科技
2338,2010003404,奥普光电
300047,2010003483,天源迪科
2342,2010003498,巨力索具
2347,2010003501,泰尔股份
601106,2010003529,中国一重
300054,2010003533,鼎龙股份
601678,2010003540,滨化股份
601688,2010003546,华泰证券
2371,2010003558,七星电子
2374,2010003561,丽鹏股份
300061,2010003564,康耐特
2380,2010003577,科远股份
601518,2010003589,吉林高速
2387,2010003595,黑牛食品
300075,2010003613,数字政通
2398,2010003621,建研集团
300082,2010003636,奥克股份
2410,2010003643,广联达
2421,2010003661,达实智能
2433,2010003676,太安堂
2436,2010003679,兴森科技
300096,2010003962,易联众
2460,2010003976,赣锋锂业
601818,2010003999,光大银行
2477,2010004143,雏鹰农牧
300121,2010004147,阳谷华泰
300124,2010004164,汇川技术
300131,2010004198,英唐智控
300135,2010004223,宝利国际
2335,2010003401,科华恒盛
2337,2010003403,赛象科技
300046,2010003479,台基股份
601877,2010003495,正泰电器
2343,2010003497,慈文传媒
2346,2010003500,柘中股份
2358,2010003527,森源电气
2359,2010003528,齐星铁塔
300051,2010003530,三五互联
300052,2010003531,中青宝
2364,2010003549,中恒电气
2365,2010003550,永安药业
2366,2010003552,台海核电
2369,2010003556,卓翼科技
300064,2010003572,豫金刚石
2382,2010003582,蓝帆医疗
300071,2010003604,华谊嘉信
300074,2010003612,华平股份
300079,2010003620,数码视讯
2404,2010003627,嘉欣丝绸
2415,2010003653,海康威视
2420,2010003659,毅昌股份
2419,2010003660,天虹商场
2435,2010003678,长江润发
2443,2010003697,金洲管道
2445,2010003709,中南文化
2453,2010003724,天马精化
2457,2010003969,青龙管业
300100,2010003971,双林股份
300101,2010003972,振芯科技
300118,2010004021,东方日升
2470,2010004133,金正大
2476,2010004142,宝莫股份
2481,2010004160,双塔食品
300129,2010004196,泰胜风能
2492,2010004242,恒基达鑫
2499,2010004258,科林环保
2507,2010004296,涪陵榨菜
2515,2010004322,金字火腿
601880,2010004323,大连港
2519,2010004332,银河电子
300145,2010004345,中金环境
2521,2010004350,齐峰新材
300150,2010004383,世纪瑞尔
601126,2010004428,四方股份
300043,2010003476,星辉娱乐
300050,2010003482,世纪鼎利
2350,2010003506,北京科锐
2353,2010003509,杰瑞股份
2355,2010003512,兴民智通
300056,2010003537,三维丝
2360,2010003543,同德化工
2362,2010003545,汉王科技
2376,2010003567,新北洋
2384,2010003590,东山精密
2388,2010003596,新亚制程
300069,2010003602,金利华电
300070,2010003603,碧水源
2394,2010003608,联发股份
2397,2010003616,梦洁股份
300076,2010003617,GQY视讯
2402,2010003625,和而泰
2416,2010003654,爱施德
2426,2010003667,胜利精密
2430,2010003675,杭氧股份
601000,2010003685,唐山港
2442,2010003695,龙星化工
601288,2010003700,农业银行
601717,2010003965,郑煤机
2455,2010003967,百川股份
2458,2010003974,益生股份
2463,2010003991,沪电股份
300107,2010003998,建新股份
300110,2010004006,华仁药业
2472,2010004136,双环传动
2478,2010004157,常宝股份
300126,2010004175,锐奇股份
601377,2010004185,兴业证券
601788,2010003291,光大证券
2286,2010003299,保龄宝
601618,2010003310,中国中冶
300010,2010003318,立思辰
300021,2010003340,大禹节水
2309,2010003355,中利科技
300031,2010003377,宝通科技
2327,2010003385,富安娜
601801,2010003405,皖新传媒
2340,2010003493,格林美
2348,2010003505,高乐股份
2351,2010003507,漫步者
2357,2010003526,富临运业
300058,2010003539,蓝色光标
2368,2010003554,太极股份
2385,2010003592,大北农
2392,2010003606,北京利尔
601369,2010003609,陕鼓动力
2396,2010003615,星网锐捷
300077,2010003618,国民技术
300078,2010003619,思创医惠
2399,2010003622,海普瑞
300080,2010003634,易成新能
2411,2010003644,必康股份
2413,2010003652,雷科防务
2417,2010003657,三元达
2428,2010003669,云南锗业
2429,2010003672,兆驰股份
2493,2010004243,荣盛石化
2495,2010004245,佳隆股份
300141,2010004264,和顺电气
2502,2010004271,骅威文化
2512,2010004319,达华智能
2516,2010004329,旷达科技
2522,2010004351,浙江众成
2524,2010004371,光正集团
300151,2010004384,昌红科技
2528,2010004392,英飞拓
300153,2010004404,科泰电源
2531,2010004415,天顺风能
300157,2010004433,恒泰艾普
300171,2010004486,东富龙
300173,2010004488,智慧松德
300174,2010004489,元力股份
601799,2010004495,星宇股份
2547,2010004509,春兴精工
300187,2010004550,永清环保
300190,2010004561,维尔利
2566,2010004568,益盛药业
300192,2010004574,科斯伍德
300197,2010004583,铁汉生态
300201,2010004594,海伦哲
300089,2010003686,文化长城
300092,2010003702,科新机电
2447,2010003710,壹桥股份
2448,2010003715,中原内配
2450,2010003717,康得新
2451,2010003722,摩恩电气
2454,2010003725,松芝股份
300098,2010003964,高新兴
300103,2010003985,达刚路机
2465,2010004016,海格通信
300116,2010004024,坚瑞沃能
2469,2010004134,三维工程
2471,2010004138,中超控股
2480,2010004158,新筑股份
300122,2010004162,智飞生物
2484,2010004170,江海股份
2485,2010004182,希努尔
2489,2010004213,浙江永强
300133,2010004221,华策影视
2498,2010004257,汉缆股份
300142,2010004265,沃森生物
2513,2010004320,*ST蓝丰
2517,2010004330,恺英网络
2520,2010004349,日发精机
300147,2010004360,香雪制药
2532,2010004416,新界泵业
300155,2010004430,安居宝
300158,2010004432,振东制药
2537,2010004441,海立美达
601558,2010004455,华锐风电
2543,2010004480,万和电气
300177,2010004503,中海达
300180,2010004514,华峰超纤
2552,2010004526,宝鼎科技
2554,2010004528,惠博普
2555,2010004534,三七互娱
300186,2010004549,大华农
2568,2010004580,百润股份
2570,2010004599,贝因美
2572,2010004601,索菲亚
2578,2010004639,闽发铝业
300221,2010004669,银禧科技
601566,2010004674,九牧王
300223,2010004681,北京君正
2591,2010004724,恒大高新
2593,2010004731,日上集团
300235,2010004738,方直科技
2601,2010004792,佰利联
2603,2010004821,以岭药业
2604,2010004822,龙力生物
300257,2010004850,开山股份
300258,2010004853,精锻科技
300207,2010004618,欣旺达
2575,2010004624,群兴玩具
2576,2010004637,通达动力
2544,2010004481,杰赛科技
300181,2010004515,佐力药业
2553,2010004527,南方轴承
2561,2010004544,徐家汇
300185,2010004548,通裕重工
2565,2010004567,上海绿新
300193,2010004573,佳士科技
300194,2010004575,福安药业
300195,2010004584,长荣股份
300205,2010004616,天喻信息
300206,2010004617,理邦仪器
601258,2010004625,庞大集团
2577,2010004638,雷柏科技
2582,2010004662,好想你
300226,2010004696,上海钢联
300227,2010004697,光韵达
2590,2010004705,万安科技
300229,2010004711,拓尔思
300238,2010004753,冠昊生物
300248,2010004819,新开普
300252,2010004837,金信诺
2557,2010004536,洽洽食品
300188,2010004559,美亚柏科
300189,2010004560,神农基因
601199,2010004569,江南水务
300196,2010004582,长海股份
300200,2010004593,高盟新材
2571,2010004600,德力股份
2569,2010004602,步森股份
300208,2010004629,恒顺众N
2580,2010004646,圣阳股份
601113,2010004647,华鼎股份
300214,2010004651,日科化学
2581,2010004656,未名医药
601208,2010004663,东材科技
2583,2010004673,海能达
300225,2010004683,金力泰
2584,2010004688,西陇科学
300175,2010004501,朗源股份
300179,2010004505,四方达
2563,2010004554,森马服饰
2567,2010004579,唐人神
300211,2010004643,亿通科技
601218,2010004648,吉鑫科技
601010,2010004691,文峰股份
300216,2010004652,千山药机
300217,2010004660,东方电热
300228,2010004698,富瑞特装
300230,2010004712,永利股份
601798,2010004726,蓝科高新
300241,2010004779,瑞丰光电
300245,2010004809,天玑科技
300250,2010004828,初灵信息
601222,2010004835,林洋能源
2608,2010004839,*ST舜船
2610,2010004842,爱康科技
300253,2010004843,卫宁健康
2614,2010004871,蒙发利
300264,2010004878,佳创视讯
601677,2010004884,明泰铝业
2624,2010004918,完美世界
601100,2010004927,恒立液压
300272,2010004932,开能环保
300275,2010004933,梅安森
2625,2010004939,龙生股份
2639,2010004965,雪人股份
300288,2010005044,朗玛信息
2654,2010005054,万润科技
601515,2010005056,东风股份
300292,2010005069,吴通控股
2664,2010005090,信质电机
300302,2010005100,同有科技
2665,2010006823,首航节能
2592,2010004725,八菱科技
2595,2010004733,豪迈科技
2598,2010004769,山东章鼓
2602,2010004815,世纪华通
300249,2010004827,依米康
300260,2010004858,新莱应材
300261,2010004868,雅本化学
300263,2010004877,隆华节能
2617,2010004883,露笑科技
2616,2010004886,长青集团
300268,2010004893,万福生科
2622,2010004907,永大集团
300270,2010004913,中威电子
300274,2010004929,阳光电源
601028,2010004941,玉龙股份
2638,2010004961,勤上光电
2642,2010004990,荣之联
300295,2010005082,三六五网
2663,2010005091,普邦园林
300299,2010005096,富春通信
300303,2010005097,聚飞光电
300307,2010006828,慈星股份
300308,2010006835,中际装备
603001,2010006877,奥康国际
300317,2010006896,珈伟股份
300315,2010006897,掌趣科技
300318,2010006910,博晖创新
300325,2010006943,德威新材
2680,2010006949,长生生物
2588,2010004703,史丹利
300236,2010004739,上海新阳
300239,2010004754,东宝生物
300243,2010004781,瑞丰高材
2609,2010004840,捷顺科技
601789,2010004844,宁波建工
300256,2010004849,星星科技
2618,2010004882,丹邦科技
601669,2010004912,中国电建
2628,2010004934,成都路桥
2629,2010004936,仁智油服
2632,2010004947,道明光学
300277,2010004956,海联讯
300279,2010005008,和晶科技
2649,2010005018,博彦科技
2652,2010005034,扬子新材
300287,2010005045,飞利信
300289,2010005058,利德曼
300290,2010005059,荣科科技
300296,2010005083,利亚德
300300,2010005095,汉鼎宇佑
300313,2010006874,天山生物
300321,2010006917,同大股份
300331,2010006980,苏大维格
2694,2010007070,顾地科技
300348,2010007074,长亮科技
2697,2010007086,红旗连锁
2611,2010004852,东方精工
300267,2010004892,尔康制药
601996,2010004895,丰林集团
2620,2010004898,瑞和股份
2623,2010004908,亚玛顿
300273,2010004925,和佳股份
2631,2010004944,德尔未来
2635,2010004957,安洁科技
601928,2010004968,凤凰传媒
300278,2010004982,华昌达
2645,2010004995,华宏科技
2644,2010005000,佛慈制药
2656,2010005065,摩登大道
2657,2010005068,中科金财
2658,2010005078,雪迪龙
300298,2010005089,三诺生物
2669,2010006842,康达新材
2670,2010006851,国盛金控
603000,2010006867,人民网
300314,2010006882,戴维医疗
603333,2010006891,明星电缆
300320,2010006909,海达股份
2675,2010006919,东诚药业
2677,2010006921,浙江美大
300329,2010006962,海伦钢琴
2689,2010007028,远大智能
603003,2010007071,龙宇燃油
2699,2010007091,美盛文化
601238,2010006858,广汽集团
2671,2010006876,龙泉股份
603123,2010006878,翠微股份
2679,2010006938,福建金森
300334,2010006989,津膜科技
300346,2010007063,南大光电
2693,2010007067,双成药业
300347,2010007072,泰格医药
603167,2010007078,渤海轮渡
2696,2010007085,百洋股份
2535,2010004439,林州重机
2541,2010004461,鸿路钢构
300165,2010004470,天瑞仪器
300167,2010004472,迪威视讯
300169,2010004474,天晟新材
300176,2010004502,鸿特精密
601216,2010004513,君正集团
300183,2010004517,东软载波
2560,2010004543,通达股份
300202,2010004607,聚龙股份
300204,2010004609,舒泰神
300213,2010004642,佳讯飞鸿
2579,2010004645,中京电子
300215,2010004653,电科院
300219,2010004659,鸿利智汇
300222,2010004670,科大智能
300231,2010004713,银信科技
300234,2010004729,开尔新材
2599,2010004790,盛通股份
300244,2010004808,迪安诊断
300246,2010004810,宝莱特
300251,2010004829,光线传媒
601901,2010004836,方正证券
2612,2010004857,朗姿股份
601908,2010004864,京运通
2615,2010004872,哈尔斯
300265,2010004879,通光线缆
2627,2010004928,宜昌交运
2684,2010006958,猛狮科技
300326,2010006959,凯利泰
2686,2010006988,亿利达
601608,2010007001,中信重工
300335,2010007006,迪森股份
300337,2010007031,银邦股份
603077,2010007044,和邦生物
300343,2010007051,联创互联
603766,2010007065,隆鑫通用
2695,2010007079,煌上煌
300352,2010007093,北信源
300351,2010007094,永贵电器
300203,2010004608,聚光科技
2573,2010004612,清新环境
2574,2010004623,明牌珠宝
300209,2010004630,天泽信息
300218,2010004661,安利股份
300224,2010004682,正海磁材
2585,2010004689,双星新材
2586,2010004690,围海股份
601311,2010004692,骆驼股份
2587,2010004702,奥拓电子
300136,2010004247,信维通信
600998,2010004250,九州通
2496,2010004255,辉丰股份
2505,2010004288,大康农业
2506,2010004289,协鑫集成
2514,2010004321,宝馨科技
2518,2010004331,科士达
300143,2010004343,星河生物
2523,2010004352,天桥起重
300148,2010004361,天舟文化
300152,2010004403,科融环境
601118,2010004427,海南橡胶
2538,2010004458,司尔特
300168,2010004473,万达信息
300172,2010004487,中电环保
2545,2010004493,东方铁塔
2550,2010004512,千红制药
300182,2010004516,捷成股份
300184,2010004518,力源信息
2556,2010004535,辉隆股份
601116,2010004538,三江购物
2559,2010004542,亚威股份
2562,2010004553,兄弟科技
2564,2010004555,天沃科技
300210,2010004631,森远股份
300212,2010004641,易华录
601233,2010004657,桐昆股份
300220,2010004668,金运激光
601599,2010004675,鹿港文化
2589,2010004704,瑞康医药
601567,2010004706,三星医疗
300232,2010004727,洲明科技
2594,2010004732,比亚迪
2621,2010004896,三垒股份
2634,2010004972,棒杰股份
601555,2010004980,东吴证券
2647,2010005004,宏磊股份
300280,2010005007,南通锻压
300282,2010005009,汇冠股份
2650,2010005019,加加食品
2651,2010005021,利君股份
300284,2010005023,苏交科
601231,2010005055,环旭电子
300293,2010005074,蓝英装备
2659,2010005079,中泰桥梁
2662,2010005080,京威股份
2661,2010005084,克明面业
2660,2010005093,茂硕电源
2666,2010006820,德联集团
300309,2010006839,吉艾科技
601388,2010006852,怡球资源
300310,2010006863,宜通世纪
2673,2010006883,西部证券
2678,2010006937,珠江钢琴
300324,2010006944,旋极信息
2687,2010007015,乔治白
2690,2010007045,美亚光电
300344,2010007052,太空板业
603399,2010007073,新华龙
300350,2010007076,华鹏飞
601058,2010004746,赛轮金宇
300240,2010004755,飞力达
2597,2010004768,金禾实业
300242,2010004780,明家联合
2600,2010004791,江粉磁材
2607,2010004834,亚夏汽车
601636,2010004841,旗滨集团
300254,2010004847,仟源医药
2613,2010004860,北玻股份
300262,2010004876,巴安水务
601633,2010004889,长城汽车
300266,2010004891,兴源环境
300271,2010004916,华宇软件
2626,2010004926,金达威
2630,2010004945,华西能源
2636,2010004960,金安国纪
2637,2010004962,赞宇科技
2646,2010004996,青青稞酒
300281,2010005006,金明精机
300283,2010005022,温州宏丰
2653,2010005031,海思科
601929,2010005060,吉视传媒
2655,2010005061,共达电声
300305,2010006825,裕兴股份
601012,2010006834,隆基股份
2672,2010006875,东江环保
300312,2010006884,邦讯技术
2676,2010006920,顺威股份
603128,2010006924,华贸物流
300323,2010006939,华灿光电
300322,2010006948,硕贝德
2685,2010006953,华东重机
2682,2010006955,龙洲股份
2683,2010006956,宏大爆破
300328,2010006964,宜安科技
300332,2010006979,天壕环境
300333,2010006986,兆日科技
300339,2010007030,润和软件
300338,2010007032,开元仪器
300341,2010007042,麦迪电气
2691,2010007056,冀凯股份
601038,2010007059,一拖股份
2692,2010007064,远程电缆
2633,2010004954,申科股份
2640,2010004973,跨境通
2641,2010004975,永高股份
601336,2010004976,新华保险
2648,2010005005,卫星石化
300286,2010005028,安科瑞
300285,2010005029,国瓷材料
300297,2010005085,蓝盾股份
300301,2010005094,长方集团
300304,2010005101,云意电气
300306,2010006829,远方光电
2667,2010006830,鞍重股份
2668,2010006833,奥马电器
300311,2010006862,任子行
2674,2010006890,兴业科技
603366,2010006902,日出东方
603002,2010006903,宏昌电子
300330,2010006963,华虹计通
2688,2010007018,金河生物
300340,2010007043,科恒股份
300345,2010007055,红宇新材
300233,2010004728,金城医药
300237,2010004740,美晨科技
2596,2010004745,海南瑞泽
300247,2010004818,乐金健康
2605,2010004831,姚记扑克
2606,2010004832,大连电瓷
601886,2010004846,江河集团
300255,2010004848,常山药业
300259,2010004854,新天科技
2619,2010004897,巨龙管业
300269,2010004911,联建光电
300276,2010004946,三丰智能
2643,2010004989,万润股份
601313,2010005030,江南嘉捷
300291,2010005046,华录百纳
601800,2010005062,中国交建
300294,2010005075,博雅生物
300316,2010006898,晶盛机电
300319,2010006916,麦捷科技
601965,2010006945,中国汽研
2681,2010006946,奋达科技
601339,2010006954,百隆东方
300327,2010006960,中颖电子
300336,2010007007,新文化
603008,2010007023,喜临门
300342,2010007041,天银机电
300349,2010007075,金卡股份
2698,2010007092,博实股份
333,2010007511,美的集团
600023,2010007645,浙能电力
601607,2010000760,上海医药
999,2010001441,华润三九
300357,2010007653,我武生物
300359,2010007655,全通教育
2705,2010007656,新宝股份
603699,2010007657,纽威股份
300358,2010007654,楚天科技
300361,2010007666,奥赛康
300362,2010007667,天翔环境
2706,2010007664,良信电器
300360,2010007663,炬华科技
2707,2010007665,众信旅游
300,2070000060,沪深300
399001,2070000014,深证成指
1,2070000005,上证指数
399106,2070000017,深证综指
399006,2070000553,创业板指
603308,2010007668,应流股份
2708,2010007670,光洋股份
300363,2010007672,博腾股份
300365,2010007671,恒华科技
2709,2010007669,天赐材料
300369,2010007674,绿盟科技
300372,2010007675,欣泰电气
300367,2010007676,东方网力
300371,2010007677,汇中股份
300370,2010007678,安控科技
300373,2010007679,扬杰科技
300368,2010007680,汇金股份
300366,2010007681,创意信息
2710,2010007682,慈铭体检
2712,2010007683,思美传媒
2711,2010007684,欧浦智网
300376,2010007687,易事特
603555,2010007689,贵人鸟
2713,2010007690,东易日盛
300375,2010007688,鹏翎股份
300377,2010007693,赢时胜
300378,2010007694,鼎捷软件
2715,2010007695,登云股份
2717,2010007696,岭南园林
2716,2010007697,金贵银业
601225,2010007698,陕西煤业
603688,2010007699,石英股份
603005,2010007701,晶方科技
2718,2010007702,友邦吊顶
300380,2010007703,安硕信息
300379,2010007704,东方通
300382,2010007705,斯莱克
2725,2010007707,跃岭股份
2719,2010007708,麦趣尔
2721,2010007709,金一文化
2714,2010007710,牧原股份
2723,2010007711,金莱特
2722,2010007712,金轮股份
300381,2010007713,溢多利
300383,2010007715,光环新网
603288,2010007721,海天味业
416,2010001030,民生控股
2726,2010008258,龙大肉食
2727,2010008259,一心堂
300386,2010008260,飞天诚信
300385,2010008261,雪浪环境
603006,2010008262,联明股份
603009,2010008263,北特科技
603328,2010008264,依顿电子
603369,2010008267,今世缘
603168,2010008268,莎普爱思
300387,2010008279,富邦股份
300384,2010008390,三联虹普
300388,2010008391,国祯环保
300389,2010008392,艾比森
300390,2010008393,天华超净
300391,2010008394,康跃科技
2728,2010008395,台城制药
603100,2010008396,川仪股份
601579,2010008397,会稽山
603099,2010008398,长白山
603111,2010008399,康尼机电
603126,2010008400,中材节能
603609,2010008413,禾丰牧业
2729,2010008669,好利来
603188,2010008670,亚邦股份
601016,2010008671,节能风电
603806,2010008672,福斯特
603306,2010008673,华懋科技
600917,2010008674,重庆燃气
300396,2010008675,迪瑞医疗
300397,2010008676,天和防务
300393,2010008677,中来股份
300395,2010008678,菲利华
300392,2010008679,腾信股份
2730,2010008715,电光科技
300398,2010008716,飞凯材料
300399,2010008717,京天利
300400,2010008718,劲拓股份
300401,2010008719,花园生物
603010,2010008720,万盛股份
603018,2010008721,中设集团
603169,2010008722,兰石重装
603456,2010008723,九洲药业
603606,2010008724,东方电缆
300402,2010008733,宝色股份
603019,2010008834,中科曙光
601015,2010008835,陕西黑猫
603988,2010008836,中电电机
603166,2010008837,福达股份
603088,2010008838,宁波精达
603011,2010008839,合锻智能
2731,2010008840,萃华珠宝
300406,2010008841,九强生物
300405,2010008842,科隆精化
2724,2010008843,海洋王
300403,2010008844,地尔汉宇
2732,2010009006,燕塘乳业
2733,2010009007,雄韬股份
300407,2010009008,凯发电气
300408,2010009009,三环集团
300409,2010009010,道氏技术
601226,2010009011,华电重工
603998,2010009012,方盛制药
601969,2010009013,海南矿业
603368,2010009014,柳州医药
603518,2010009015,维格娜丝
2735,2010009016,王子新材
2738,2010009219,中矿资源
2736,2010009220,国信证券
300410,2010009221,正业科技
603017,2010009222,中衡设计
300411,2010009223,金盾股份
601021,2010009224,春秋航空
2737,2010009225,葵花药业
300412,2010009226,迦南科技
603588,2010009227,高能环境
603636,2010009228,南威软件
603788,2010009229,宁波高发
603889,2010009230,新澳股份
600976,2010000824,健民集团
600983,2010000830,惠而浦
601069,2010009534,西部黄金
603558,2010009535,健盛集团
603600,2010009536,永艺股份
603601,2010009537,再升科技
2734,2010009538,利民股份
300364,2010009539,中文在线
603678,2010009540,火炬电子
300413,2010009541,快乐购
2739,2010009542,万达院线
300418,2010009543,昆仑万维
2740,2010009544,爱迪尔
300416,2010009545,苏试试验
603611,2010009546,诺力股份
603686,2010009547,龙马环卫
603899,2010009548,晨光文具
300415,2010009549,伊之密
300417,2010009550,南华仪器
603799,2010009579,华友钴业
603698,2010009580,航天工程
300419,2010009581,浩丰科技
166,2010009693,申万宏源
603309,2010009823,维力医疗
603222,2010009824,济民制药
603118,2010009825,共进股份
603015,2010009826,弘讯科技
601198,2010009827,东兴证券
603618,2010009828,杭电股份
603969,2010009829,银龙股份
603939,2010009830,益丰药房
603997,2010009831,继峰股份
2746,2010009832,仙坛股份
2742,2010009833,三圣股份
2743,2010009834,富煌钢构
2741,2010009835,光华科技
2745,2010009836,木林森
300394,2010009837,天孚通信
300420,2010009838,五洋科技
300421,2010009839,力星股份
300422,2010009840,博世科
300423,2010009841,鲁亿通
300425,2010009842,环能科技
300426,2010009843,唐德影视
300427,2010009844,红相电力
603828,2010009845,柯利达
603898,2010009846,好莱客
2747,2010009976,埃斯顿
2748,2010009977,世龙实业
300374,2010009978,恒通科技
300428,2010009979,四通新材
300429,2010009980,强力新材
300430,2010009981,诚益通
300431,2010009982,暴风集团
300432,2010009983,富临精工
300433,2010009984,蓝思科技
600958,2010009985,东方证券
601689,2010009986,拓普集团
603020,2010009987,爱普股份
603030,2010009988,全筑股份
603199,2010009989,九华旅游
603268,2010009990,松发股份
603729,2010009991,龙韵股份
603158,2010009992,腾龙股份
603519,2010009993,立霸股份
603869,2010009994,北部湾旅
2749,2010009997,国光股份
2750,2010009998,龙津药业
603012,2010009999,创力集团
603338,2010010000,浙江鼎力
300435,2010010007,中泰股份
2164,2010001607,宁波东力
600075,2010000060,新疆天业
600598,2010000509,北大荒
2234,2010001677,民和股份
600959,2010010205,江苏有线
603025,2010010206,大豪科技
603315,2010010207,福鞍股份
603318,2010010208,派思股份
603808,2010010209,歌力思
603818,2010010210,曲美家居
603703,2010010211,盛洋科技
603789,2010010212,星光农机
603567,2010010213,珍宝岛
300437,2010010214,清水源
300438,2010010215,鹏辉能源
300442,2010010216,普丽盛
300443,2010010217,金雷风电
300447,2010010218,全信股份
603021,2010010219,山东华鹏
300434,2010010220,金石东方
603883,2010010221,老百姓
300445,2010010222,康斯特
300439,2010010223,美康生物
2752,2010010224,N兴股份
300404,2010010225,博济医药
300424,2010010226,航新科技
300436,2010010227,广生堂
300440,2010010228,运达科技
300441,2010010229,鲍斯股份
300448,2010010230,浩云科技
300449,2010010231,汉邦高科
300444,2010010232,双杰电气
300446,2010010235,乐凯新材
2751,2010010236,易尚展示
603599,2010010296,广信股份
603355,2010010297,莱克电气
603227,2010010298,雪峰科技
603022,2010010299,新通联
603718,2010010300,海利生物
2753,2010010301,永东股份
300450,2010010302,先导智能
2755,2010010303,东方新星
300414,2010010304,中光防雷
300451,2010010305,创业软件
300453,2010010306,三鑫医疗
300452,2010010307,山河药辅
300456,2010010308,耐威科技
603968,2010010309,醋化股份
603566,2010010310,普莱柯
300458,2010010311,全志科技
2756,2010010312,永兴特钢
300460,2010010313,惠伦晶体
300457,2010010314,赢合科技
300459,2010010315,金科娱乐
300455,2010010324,康拓红外
603989,2010010325,艾华集团
603116,2010010326,红蜻蜓
603311,2010010327,金海环境
300461,2010010336,田中精机
2757,2010010428,南兴装备
2758,2010010429,华通医药
2759,2010010430,天际股份
300462,2010010431,华铭智能
300463,2010010432,迈克生物
300465,2010010433,高伟达
300466,2010010434,赛摩电气
300467,2010010435,迅游科技
300468,2010010436,四方精创
603023,2010010437,威帝股份
603108,2010010439,润达医疗
603198,2010010440,迎驾贡酒
603300,2010010441,华铁科技
603568,2010010442,伟明环保
603598,2010010443,引力传媒
603669,2010010444,灵康药业
603901,2010010445,永创智能
603026,2010010438,石大胜华
603885,2010010446,吉祥航空
603918,2010010447,金桥信息
601368,2010010513,绿城水务
601968,2010010514,宝钢包装
601985,2010010515,中国核电
603066,2010010516,音飞储存
603616,2010010517,韩建河山
2760,2010010518,凤形股份
2761,2010010519,多喜爱
2762,2010010520,金发拉比
2763,2010010521,汇洁股份
2766,2010010522,索菱股份
300464,2010010523,星徽精密
300469,2010010524,信息发展
300470,2010010525,日机密封
300472,2010010526,新元科技
300473,2010010527,德尔股份
300475,2010010528,聚隆科技
300476,2010010529,胜宏科技
300478,2010010530,杭州高新
300479,2010010531,神思电子
300477,2010010532,合纵科技
2765,2010010533,蓝黛传动
2767,2010010537,先锋电子
300471,2010010538,厚普股份
300486,2010010646,东杰智能
300487,2010010647,蓝晓科技
300481,2010010648,濮阳惠成
300480,2010010649,光力科技
2769,2010010650,普路通
300488,2010010651,恒锋工具
2770,2010010652,科迪乳业
603223,2010010653,恒通股份
603117,2010010654,万林股份
603589,2010010655,口子窖
601211,2010010656,国泰君安
603085,2010010657,天成自控
300485,2010010658,赛升药业
2768,2010010659,国恩股份
300483,2010010660,沃施股份
2775,2010010661,文科园林
603979,2010010662,金诚信
603838,2010010663,四通股份
300489,2010010664,中飞股份
2776,2010010665,柏堡龙
300482,2010010666,万孚生物
2771,2010010667,真视通
2772,2010010668,众兴菌业
2773,2010010669,康弘药业
2777,2010010750,久远银海
2778,2010010751,高科石化
2779,2010010752,中坚科技
2780,2010010753,三夫户外
2781,2010010754,奇信股份
2782,2010010755,可立克
2783,2010010756,凯龙股份
2785,2010010757,万里石
300490,2010010758,华自科技
300493,2010010759,润欣科技
300496,2010010760,中科创达
603398,2010010761,邦宝益智
603696,2010010762,安记食品
603800,2010010763,道森股份
603866,2010010764,桃李面包
603936,2010010765,博敏电子
603996,2010010766,中新科技
603999,2010010767,读者传媒
300492,2010010768,山鼎设计
300495,2010010769,美尚生态
603778,2010010770,乾景园林
603299,2010010779,井神股份
603508,2010010780,思维列控
300491,2010010781,通合科技
300494,2010010782,盛天网络
2786,2010010783,银宝山新
2787,2010010784,华源包装
300497,2010010840,富祥股份
300498,2010012316,温氏股份
601155,2010013061,新城控股
1979,2010013550,招商蛇口
300499,2010013959,高澜股份
601900,2010013960,南方传媒
603377,2010013961,东方时尚
2788,2010013982,鹭燕医药
300500,2010013983,苏州设计
300501,2010014006,海顺新材
603608,2010014007,天创时尚
2790,2010014347,瑞尔特
603027,2010014348,千禾味业
603520,2010014365,司太立
300502,2010014390,新易盛
300503,2010014391,昊志机电
603919,2010014426,金徽酒
2789,2010014482,建艺集团
601020,2010014549,华钰矿业
300505,2010014550,川金诺
603861,2010014968,白云电器
300506,2010014976,名家汇
300484,2010014986,蓝海华腾
2792,2010014987,通宇通讯
2791,2010015000,坚朗五金
603028,2010015008,赛福天
300474,2010015014,景嘉微
603798,2010015020,康普顿
968,2010001415,*ST煤气
603701,2010015150,德宏股份
2793,2010015151,东音股份
603868,2010015152,飞科电器
300507,2010015167,苏奥传感
300508,2010015192,维宏股份
603726,2010015259,朗迪集团
603029,2010015489,天鹅股份
300509,2010015502,新美星
2795,2010015503,永和智控
603528,2010015511,多伦科技
603822,2010015521,嘉澳环保
300511,2010015522,雪榕生物
603101,2010015530,汇嘉时代
300510,2010015548,金冠电气
603779,2010015619,威龙股份
2797,2010015620,第一创业
2796,2010015621,世嘉科技
603959,2010015640,百利科技
603339,2010015667,四方冷链
2798,2010015699,帝王洁具
300512,2010015753,中亚股份
600608,2010000519,上海科技
300513,2010015957,恒泰实达
300516,2010015958,久之洋
601611,2010015959,中国核建
603737,2010015960,三棵树
2800,2010015964,天顺股份
603131,2010015976,上海沪工
2799,2010015995,环球印务
300515,2010016002,三德科技
601127,2010016022,小康股份
557,2010001100,西部创业
615,2010001151,京汉股份
300518,2010016209,盛讯达
300517,2010016210,海波重科
603909,2010016211,合诚股份
300519,2010016212,新光药业
603958,2010016215,哈森股份
2802,2010016216,洪汇新材
2801,2010016217,微光股份
603016,2010016223,新宏泰
601966,2010016227,玲珑轮胎
300520,2010018143,科大国创
2805,2010018144,丰元股份
600919,2010018145,江苏银行
603069,2010018149,海汽集团
300522,2010018150,世名科技
300521,2010018161,爱司凯
2803,2010018162,吉宏股份
300523,2010018532,辰安科技
603663,2010018533,三祥新材
2806,2010018540,华锋股份
300525,2010018566,博思软件
300526,2010018567,中潜股份
603007,2010018579,花王股份
603322,2010018580,超讯通信
300529,2010018581,健帆生物
300527,2010018599,华舟应急
300528,2010018626,幸福蓝海
601811,2010018653,新华文轩
600977,2010018687,中国电影
603569,2010018715,长久物流
603843,2010018793,正平股份
603159,2010018794,上海亚虹
2808,2010018795,苏州恒久
300531,2010018796,优博讯
2807,2010018872,江阴银行
600936,2010018873,广西广电
601595,2010019084,上海电影
601997,2010019085,贵阳银行
300530,2010019086,达志科技
300535,2010019212,达威股份
603986,2010019213,兆易创新
300532,2010019214,今天国际
603515,2010020364,欧普照明
300533,2010020365,冰川网络
300536,2010021210,农尚环境
300540,2010021211,深冷股份
2810,2010021212,山东赫达
603090,2010021213,宏盛股份
603031,2010021214,安德利
603977,2010021216,国泰集团
300537,2010021217,广信材料
2809,2010021218,红墙股份
601206,2010021230,海尔施
600908,2010021231,无锡银行
300538,2010021232,同益股份
603658,2010021234,安图生物
300539,2010021235,横河模具
601128,2010021260,常熟银行
601163,2010021261,三角轮胎
2811,2010021262,亚泰国际
603393,2010021268,新天然气
603887,2010021269,城地股份
2812,2010021270,创新股份
300543,2010021271,朗科智能
603067,2010021300,振华股份
300534,2010021301,陇神戎发
603189,2010021308,网达软件
300541,2010021309,先进数通
601500,2010021323,通用股份
300542,2010021324,新晨科技
2720,2010007706,宏良股份
600926,2010021829,杭州银行
603421,2010021830,鼎信通讯
603738,2010021831,泰晶科技
300545,2010021832,联得装备
2815,2010021833,崇达技术
2813,2010021834,路畅科技
603777,2010021842,来伊份
300546,2010021843,雄帝科技
603313,2010021867,恒康家居
300548,2010021868,博创科技
300549,2010021869,优德精密
603816,2010021881,顾家家居
300547,2010021882,川环科技
603160,2010021893,汇顶科技
601229,2010021951,上海银行
603859,2010021952,能科股份
300551,2010021953,古鳌科技
300552,2010021954,万集科技
603667,2010021968,五洲新春
2816,2010021969,和科达
300555,2010021970,路通视信
300550,2010022027,和仁科技
2817,2010022028,黄山胶囊
300553,2010022043,集智股份
603258,2010022069,电魂网络
603888,2010022164,新华网
601882,2010022575,海天精工
603716,2010022576,塞力斯
300559,2010022577,佳发安泰
2818,2010022578,富森美
603323,2010022588,吴江银行
603203,2010022589,快克股份
300560,2010022590,中富通
300556,2010022591,丝路视觉
300557,2010022597,理工光科
300558,2010022598,贝达药业
603319,2010022614,湘油泵
603060,2010022615,国检集团
2819,2010022616,东方中科
603556,2010022620,海兴电力
603819,2010022810,神力股份
603987,2010022811,康德莱
603900,2010022812,通灵珠宝
603858,2010022813,步长制药
603727,2010022814,博迈科
603633,2010022815,徕木股份
603336,2010022816,宏辉果蔬
2820,2010022817,桂发祥
2821,2010022818,凯莱英
300565,2010022819,科信技术
300566,2010022820,激智科技
300561,2010022821,汇金科技
300563,2010022822,神宇股份
300562,2010022823,乐心医疗
